-- phpMyAdmin SQL Dump
-- version 5.2.1
-- https://www.phpmyadmin.net/
--
-- Host: localhost:3306
-- Generation Time: Dec 12, 2025 at 02:42 AM
-- Server version: 8.0.30
-- PHP Version: 8.3.7

SET SQL_MODE = "NO_AUTO_VALUE_ON_ZERO";
START TRANSACTION;
SET time_zone = "+00:00";


/*!40101 SET @OLD_CHARACTER_SET_CLIENT=@@CHARACTER_SET_CLIENT */;
/*!40101 SET @OLD_CHARACTER_SET_RESULTS=@@CHARACTER_SET_RESULTS */;
/*!40101 SET @OLD_COLLATION_CONNECTION=@@COLLATION_CONNECTION */;
/*!40101 SET NAMES utf8mb4 */;

--
-- Database: `sipantau`
--

-- --------------------------------------------------------

--
-- Table structure for table `admin_survei_kabupaten`
--

CREATE TABLE `admin_survei_kabupaten` (
  `id_admin_kabupaten` int UNSIGNED NOT NULL,
  `sobat_id` int UNSIGNED NOT NULL
) ENGINE=InnoDB DEFAULT CHARSET=utf8mb4 COLLATE=utf8mb4_general_ci;

--
-- Dumping data for table `admin_survei_kabupaten`
--

INSERT INTO `admin_survei_kabupaten` (`id_admin_kabupaten`, `sobat_id`) VALUES
(4, 1001);

-- --------------------------------------------------------

--
-- Table structure for table `admin_survei_provinsi`
--

CREATE TABLE `admin_survei_provinsi` (
  `id_admin_provinsi` int UNSIGNED NOT NULL,
  `sobat_id` int UNSIGNED NOT NULL
) ENGINE=InnoDB DEFAULT CHARSET=utf8mb4 COLLATE=utf8mb4_general_ci;

--
-- Dumping data for table `admin_survei_provinsi`
--

INSERT INTO `admin_survei_provinsi` (`id_admin_provinsi`, `sobat_id`) VALUES
(7, 1001),
(3, 1002),
(4, 1003),
(6, 1004),
(5, 12345678),
(8, 1234567812);

-- --------------------------------------------------------

--
-- Table structure for table `kegiatan_wilayah`
--

CREATE TABLE `kegiatan_wilayah` (
  `id_kegiatan_wilayah` int UNSIGNED NOT NULL,
  `id_kegiatan_detail_proses` int UNSIGNED NOT NULL,
  `id_kabupaten` int UNSIGNED NOT NULL,
  `target_wilayah` int UNSIGNED NOT NULL,
  `keterangan` text COLLATE utf8mb4_general_ci,
  `status` varchar(50) COLLATE utf8mb4_general_ci DEFAULT NULL
) ENGINE=InnoDB DEFAULT CHARSET=utf8mb4 COLLATE=utf8mb4_general_ci;

--
-- Dumping data for table `kegiatan_wilayah`
--

INSERT INTO `kegiatan_wilayah` (`id_kegiatan_wilayah`, `id_kegiatan_detail_proses`, `id_kabupaten`, `target_wilayah`, `keterangan`, `status`) VALUES
(1, 1, 1473, 150, 'kk', 'Aktif'),
(3, 1, 1401, 200, 'ssasa', 'Aktif'),
(5, 3, 1473, 1000, 'ewewe', NULL),
(6, 1, 1403, 300, 'dsds', 'Aktif'),
(7, 4, 1401, 250, 'ttt', 'Aktif'),
(8, 1, 1405, 100, 'www', 'Aktif'),
(25, 5, 1401, 100, 'Import dari Excel', 'Aktif'),
(26, 5, 1402, 100, 'Import dari Excel', 'Aktif'),
(27, 5, 1403, 100, 'Import dari Excel', 'Aktif'),
(28, 5, 1404, 100, 'Import dari Excel', 'Aktif'),
(29, 5, 1405, 100, 'Import dari Excel', 'Aktif'),
(30, 5, 1406, 100, 'Import dari Excel', 'Aktif'),
(31, 5, 1407, 100, 'Import dari Excel', 'Aktif'),
(32, 5, 1408, 100, 'Import dari Excel', 'Aktif'),
(33, 5, 1409, 50, 'Import dari Excel', 'Aktif'),
(34, 5, 1410, 50, 'Import dari Excel', 'Aktif'),
(35, 5, 1471, 50, 'Import dari Excel', 'Aktif'),
(36, 5, 1473, 50, 'Import dari Excel', 'Aktif'),
(49, 7, 1401, 1500, 'Import dari Excel', 'Aktif'),
(50, 7, 1402, 1300, 'Import dari Excel', 'Aktif'),
(51, 7, 1403, 800, 'Import dari Excel', 'Aktif'),
(52, 7, 1473, 1200, 'Import dari Excel', 'Aktif'),
(53, 8, 1401, 1000, 'Import dari Excel', 'Aktif'),
(54, 8, 1402, 2000, 'Import dari Excel', 'Aktif'),
(55, 8, 1403, 1500, 'Import dari Excel', 'Aktif'),
(56, 8, 1404, 300, 'Import dari Excel', 'Aktif'),
(57, 8, 1405, 500, 'Import dari Excel', 'Aktif'),
(58, 8, 1406, 400, 'Import dari Excel', 'Aktif'),
(59, 8, 1407, 800, 'Import dari Excel', 'Aktif'),
(60, 8, 1408, 1000, 'Import dari Excel', 'Aktif'),
(61, 8, 1409, 2000, 'Import dari Excel', 'Aktif'),
(62, 8, 1410, 250, 'Import dari Excel', 'Aktif'),
(63, 8, 1471, 100, 'Import dari Excel', 'Aktif'),
(64, 8, 1473, 150, 'Import dari Excel', 'Aktif');

-- --------------------------------------------------------

--
-- Table structure for table `kegiatan_wilayah_admin`
--

CREATE TABLE `kegiatan_wilayah_admin` (
  `id` int NOT NULL,
  `id_admin_kabupaten` int UNSIGNED NOT NULL,
  `id_kegiatan_wilayah` int UNSIGNED NOT NULL
) ENGINE=InnoDB DEFAULT CHARSET=utf8mb4 COLLATE=utf8mb4_general_ci;

--
-- Dumping data for table `kegiatan_wilayah_admin`
--

INSERT INTO `kegiatan_wilayah_admin` (`id`, `id_admin_kabupaten`, `id_kegiatan_wilayah`) VALUES
(17, 4, 5),
(19, 4, 52),
(20, 4, 64);

-- --------------------------------------------------------

--
-- Table structure for table `kepatuhan_summary`
--

CREATE TABLE `kepatuhan_summary` (
  `id` int UNSIGNED NOT NULL,
  `id_pcl` int UNSIGNED NOT NULL COMMENT 'FK to pcl.id_pcl',
  `id_kegiatan_detail_proses` int UNSIGNED NOT NULL COMMENT 'FK to master_kegiatan_detail_proses.id_kegiatan_detail_proses',
  `tanggal` date NOT NULL COMMENT 'Tanggal laporan (distinct per hari)',
  `jumlah_laporan` int NOT NULL DEFAULT '0' COMMENT 'Total transaksi di tanggal ini (untuk tracking, walau di UI tetap count 1)',
  `created_at` timestamp NULL DEFAULT NULL,
  `updated_at` timestamp NULL DEFAULT NULL
) ENGINE=InnoDB DEFAULT CHARSET=utf8mb4 COLLATE=utf8mb4_general_ci;

--
-- Dumping data for table `kepatuhan_summary`
--

INSERT INTO `kepatuhan_summary` (`id`, `id_pcl`, `id_kegiatan_detail_proses`, `tanggal`, `jumlah_laporan`, `created_at`, `updated_at`) VALUES
(1, 9, 3, '2025-12-04', 2, '2025-12-04 01:45:08', '2025-12-04 02:44:58'),
(3, 12, 8, '2025-12-04', 2, '2025-12-04 03:46:47', '2025-12-04 03:48:11');

-- --------------------------------------------------------

--
-- Table structure for table `kurva_kabupaten`
--

CREATE TABLE `kurva_kabupaten` (
  `id_kurva_kabupaten` int UNSIGNED NOT NULL,
  `id_kegiatan_wilayah` int UNSIGNED NOT NULL,
  `tanggal_target` date NOT NULL,
  `target_persen_kumulatif` int UNSIGNED NOT NULL,
  `target_harian_absolut` int UNSIGNED NOT NULL,
  `target_kumulatif_absolut` int UNSIGNED NOT NULL,
  `is_hari_kerja` tinyint(1) NOT NULL
) ENGINE=InnoDB DEFAULT CHARSET=utf8mb4 COLLATE=utf8mb4_general_ci;

--
-- Dumping data for table `kurva_kabupaten`
--

INSERT INTO `kurva_kabupaten` (`id_kurva_kabupaten`, `id_kegiatan_wilayah`, `tanggal_target`, `target_persen_kumulatif`, `target_harian_absolut`, `target_kumulatif_absolut`, `is_hari_kerja`) VALUES
(1, 1, '2025-10-27', 5, 8, 8, 1),
(2, 1, '2025-10-28', 6, 1, 9, 1),
(3, 1, '2025-10-29', 7, 2, 11, 1),
(4, 1, '2025-10-30', 10, 3, 14, 1),
(5, 1, '2025-10-31', 13, 5, 19, 1),
(6, 1, '2025-11-03', 17, 7, 26, 1),
(7, 1, '2025-11-04', 24, 10, 36, 1),
(8, 1, '2025-11-05', 32, 12, 48, 1),
(9, 1, '2025-11-06', 42, 15, 63, 1),
(10, 1, '2025-11-07', 53, 16, 79, 1),
(11, 1, '2025-11-10', 63, 16, 95, 1),
(12, 1, '2025-11-11', 73, 15, 110, 1),
(13, 1, '2025-11-12', 81, 12, 122, 1),
(14, 1, '2025-11-13', 88, 9, 131, 1),
(15, 1, '2025-11-14', 92, 7, 138, 1),
(16, 1, '2025-11-17', 95, 5, 143, 1),
(17, 1, '2025-11-18', 98, 3, 146, 1),
(18, 1, '2025-11-19', 99, 3, 149, 1),
(19, 1, '2025-11-20', 100, 1, 150, 1),
(20, 1, '2025-11-21', 100, 0, 150, 1),
(21, 1, '2025-11-24', 100, 0, 150, 1),
(22, 1, '2025-11-25', 100, 0, 150, 1),
(45, 3, '2025-10-27', 5, 10, 10, 1),
(46, 3, '2025-10-28', 6, 2, 12, 1),
(47, 3, '2025-10-29', 7, 3, 15, 1),
(48, 3, '2025-10-30', 10, 4, 19, 1),
(49, 3, '2025-10-31', 13, 7, 26, 1),
(50, 3, '2025-11-03', 17, 9, 35, 1),
(51, 3, '2025-11-04', 24, 13, 48, 1),
(52, 3, '2025-11-05', 32, 16, 64, 1),
(53, 3, '2025-11-06', 42, 19, 83, 1),
(54, 3, '2025-11-07', 53, 22, 105, 1),
(55, 3, '2025-11-10', 63, 22, 127, 1),
(56, 3, '2025-11-11', 73, 19, 146, 1),
(57, 3, '2025-11-12', 81, 16, 162, 1),
(58, 3, '2025-11-13', 88, 13, 175, 1),
(59, 3, '2025-11-14', 92, 9, 184, 1),
(60, 3, '2025-11-17', 95, 7, 191, 1),
(61, 3, '2025-11-18', 98, 4, 195, 1),
(62, 3, '2025-11-19', 99, 3, 198, 1),
(63, 3, '2025-11-20', 100, 2, 200, 1),
(64, 3, '2025-11-21', 100, 0, 200, 1),
(65, 3, '2025-11-24', 100, 0, 200, 1),
(66, 3, '2025-11-25', 100, 0, 200, 1),
(130, 7, '2025-10-29', 5, 13, 13, 1),
(131, 7, '2025-10-30', 6, 2, 15, 1),
(132, 7, '2025-10-31', 7, 3, 18, 1),
(133, 7, '2025-11-03', 9, 5, 23, 1),
(134, 7, '2025-11-04', 12, 7, 30, 1),
(135, 7, '2025-11-05', 16, 10, 40, 1),
(136, 7, '2025-11-06', 22, 14, 54, 1),
(137, 7, '2025-11-07', 29, 18, 72, 1),
(138, 7, '2025-11-10', 37, 22, 94, 1),
(139, 7, '2025-11-11', 47, 24, 118, 1),
(140, 7, '2025-11-12', 58, 26, 144, 1),
(141, 7, '2025-11-13', 68, 25, 169, 1),
(142, 7, '2025-11-14', 76, 22, 191, 1),
(143, 7, '2025-11-17', 83, 18, 209, 1),
(144, 7, '2025-11-18', 89, 13, 222, 1),
(145, 7, '2025-11-19', 93, 10, 232, 1),
(146, 7, '2025-11-20', 96, 7, 239, 1),
(147, 7, '2025-11-21', 98, 5, 244, 1),
(148, 7, '2025-11-24', 99, 4, 248, 1),
(149, 7, '2025-11-25', 100, 2, 250, 1),
(150, 7, '2025-11-26', 100, 0, 250, 1),
(151, 7, '2025-11-27', 100, 0, 250, 1),
(152, 7, '2025-11-28', 100, 0, 250, 1),
(153, 8, '2025-10-27', 5, 5, 5, 1),
(154, 8, '2025-10-28', 6, 1, 6, 1),
(155, 8, '2025-10-29', 7, 1, 7, 1),
(156, 8, '2025-10-30', 10, 3, 10, 1),
(157, 8, '2025-10-31', 13, 3, 13, 1),
(158, 8, '2025-11-03', 17, 4, 17, 1),
(159, 8, '2025-11-04', 24, 7, 24, 1),
(160, 8, '2025-11-05', 32, 8, 32, 1),
(161, 8, '2025-11-06', 42, 10, 42, 1),
(162, 8, '2025-11-07', 53, 11, 53, 1),
(163, 8, '2025-11-10', 63, 10, 63, 1),
(164, 8, '2025-11-11', 73, 10, 73, 1),
(165, 8, '2025-11-12', 81, 8, 81, 1),
(166, 8, '2025-11-13', 88, 7, 88, 1),
(167, 8, '2025-11-14', 92, 4, 92, 1),
(168, 8, '2025-11-17', 95, 3, 95, 1),
(169, 8, '2025-11-18', 98, 3, 98, 1),
(170, 8, '2025-11-19', 99, 1, 99, 1),
(171, 8, '2025-11-20', 100, 1, 100, 1),
(172, 8, '2025-11-21', 100, 0, 100, 1),
(173, 8, '2025-11-24', 100, 0, 100, 1),
(174, 8, '2025-11-25', 100, 0, 100, 1),
(175, 6, '2025-10-27', 5, 15, 15, 1),
(176, 6, '2025-10-28', 6, 3, 18, 1),
(177, 6, '2025-10-29', 7, 4, 22, 1),
(178, 6, '2025-10-30', 10, 7, 29, 1),
(179, 6, '2025-10-31', 13, 10, 39, 1),
(180, 6, '2025-11-03', 17, 13, 52, 1),
(181, 6, '2025-11-04', 24, 19, 71, 1),
(182, 6, '2025-11-05', 32, 25, 96, 1),
(183, 6, '2025-11-06', 42, 29, 125, 1),
(184, 6, '2025-11-07', 53, 33, 158, 1),
(185, 6, '2025-11-10', 63, 32, 190, 1),
(186, 6, '2025-11-11', 73, 29, 219, 1),
(187, 6, '2025-11-12', 81, 25, 244, 1),
(188, 6, '2025-11-13', 88, 19, 263, 1),
(189, 6, '2025-11-14', 92, 13, 276, 1),
(190, 6, '2025-11-17', 95, 10, 286, 1),
(191, 6, '2025-11-18', 98, 7, 293, 1),
(192, 6, '2025-11-19', 99, 4, 297, 1),
(193, 6, '2025-11-20', 100, 3, 300, 1),
(194, 6, '2025-11-21', 100, 0, 300, 1),
(195, 6, '2025-11-24', 100, 0, 300, 1),
(196, 6, '2025-11-25', 100, 0, 300, 1),
(1205, 49, '2025-12-04', 2, 30, 30, 1),
(1206, 49, '2025-12-05', 3, 14, 44, 1),
(1207, 49, '2025-12-08', 4, 21, 65, 1),
(1208, 49, '2025-12-09', 6, 30, 95, 1),
(1209, 49, '2025-12-10', 9, 45, 140, 1),
(1210, 49, '2025-12-11', 13, 62, 202, 1),
(1211, 49, '2025-12-12', 19, 85, 287, 1),
(1212, 49, '2025-12-15', 26, 110, 397, 1),
(1213, 49, '2025-12-16', 35, 135, 532, 1),
(1214, 49, '2025-12-17', 46, 153, 685, 1),
(1215, 49, '2025-12-18', 56, 160, 845, 1),
(1216, 49, '2025-12-19', 67, 153, 998, 1),
(1217, 49, '2025-12-22', 76, 135, 1133, 1),
(1218, 49, '2025-12-23', 83, 110, 1243, 1),
(1219, 49, '2025-12-24', 89, 85, 1328, 1),
(1220, 49, '2025-12-25', 93, 62, 1390, 1),
(1221, 49, '2025-12-26', 96, 45, 1435, 1),
(1222, 49, '2025-12-29', 98, 30, 1465, 1),
(1223, 49, '2025-12-30', 99, 21, 1486, 1),
(1224, 49, '2025-12-31', 100, 14, 1500, 1),
(1225, 49, '2026-01-01', 100, 0, 1500, 1),
(1226, 49, '2026-01-02', 100, 0, 1500, 1),
(1227, 50, '2025-12-04', 2, 26, 26, 1),
(1228, 50, '2025-12-05', 3, 12, 38, 1),
(1229, 50, '2025-12-08', 4, 18, 56, 1),
(1230, 50, '2025-12-09', 6, 27, 83, 1),
(1231, 50, '2025-12-10', 9, 38, 121, 1),
(1232, 50, '2025-12-11', 13, 54, 175, 1),
(1233, 50, '2025-12-12', 19, 74, 249, 1),
(1234, 50, '2025-12-15', 26, 95, 344, 1),
(1235, 50, '2025-12-16', 35, 117, 461, 1),
(1236, 50, '2025-12-17', 46, 133, 594, 1),
(1237, 50, '2025-12-18', 56, 138, 732, 1),
(1238, 50, '2025-12-19', 67, 133, 865, 1),
(1239, 50, '2025-12-22', 76, 117, 982, 1),
(1240, 50, '2025-12-23', 83, 95, 1077, 1),
(1241, 50, '2025-12-24', 89, 74, 1151, 1),
(1242, 50, '2025-12-25', 93, 54, 1205, 1),
(1243, 50, '2025-12-26', 96, 38, 1243, 1),
(1244, 50, '2025-12-29', 98, 27, 1270, 1),
(1245, 50, '2025-12-30', 99, 18, 1288, 1),
(1246, 50, '2025-12-31', 100, 12, 1300, 1),
(1247, 50, '2026-01-01', 100, 0, 1300, 1),
(1248, 50, '2026-01-02', 100, 0, 1300, 1),
(1249, 51, '2025-12-04', 2, 16, 16, 1),
(1250, 51, '2025-12-05', 3, 7, 23, 1),
(1251, 51, '2025-12-08', 4, 12, 35, 1),
(1252, 51, '2025-12-09', 6, 16, 51, 1),
(1253, 51, '2025-12-10', 9, 23, 74, 1),
(1254, 51, '2025-12-11', 13, 34, 108, 1),
(1255, 51, '2025-12-12', 19, 45, 153, 1),
(1256, 51, '2025-12-15', 26, 59, 212, 1),
(1257, 51, '2025-12-16', 35, 72, 284, 1),
(1258, 51, '2025-12-17', 46, 81, 365, 1),
(1259, 51, '2025-12-18', 56, 86, 451, 1),
(1260, 51, '2025-12-19', 67, 81, 532, 1),
(1261, 51, '2025-12-22', 76, 72, 604, 1),
(1262, 51, '2025-12-23', 83, 59, 663, 1),
(1263, 51, '2025-12-24', 89, 45, 708, 1),
(1264, 51, '2025-12-25', 93, 34, 742, 1),
(1265, 51, '2025-12-26', 96, 23, 765, 1),
(1266, 51, '2025-12-29', 98, 16, 781, 1),
(1267, 51, '2025-12-30', 99, 12, 793, 1),
(1268, 51, '2025-12-31', 100, 7, 800, 1),
(1269, 51, '2026-01-01', 100, 0, 800, 1),
(1270, 51, '2026-01-02', 100, 0, 800, 1),
(1271, 52, '2025-12-04', 2, 24, 24, 1),
(1272, 52, '2025-12-05', 3, 11, 35, 1),
(1273, 52, '2025-12-08', 4, 17, 52, 1),
(1274, 52, '2025-12-09', 6, 24, 76, 1),
(1275, 52, '2025-12-10', 9, 36, 112, 1),
(1276, 52, '2025-12-11', 13, 50, 162, 1),
(1277, 52, '2025-12-12', 19, 67, 229, 1),
(1278, 52, '2025-12-15', 26, 89, 318, 1),
(1279, 52, '2025-12-16', 35, 108, 426, 1),
(1280, 52, '2025-12-17', 46, 122, 548, 1),
(1281, 52, '2025-12-18', 56, 128, 676, 1),
(1282, 52, '2025-12-19', 67, 122, 798, 1),
(1283, 52, '2025-12-22', 76, 108, 906, 1),
(1284, 52, '2025-12-23', 83, 89, 995, 1),
(1285, 52, '2025-12-24', 89, 67, 1062, 1),
(1286, 52, '2025-12-25', 93, 50, 1112, 1),
(1287, 52, '2025-12-26', 96, 36, 1148, 1),
(1288, 52, '2025-12-29', 98, 24, 1172, 1),
(1289, 52, '2025-12-30', 99, 17, 1189, 1),
(1290, 52, '2025-12-31', 100, 11, 1200, 1),
(1291, 52, '2026-01-01', 100, 0, 1200, 1),
(1292, 52, '2026-01-02', 100, 0, 1200, 1),
(1533, 53, '2025-12-04', 5, 50, 50, 1),
(1534, 53, '2025-12-05', 6, 11, 61, 1),
(1535, 53, '2025-12-08', 8, 18, 79, 1),
(1536, 53, '2025-12-09', 11, 28, 107, 1),
(1537, 53, '2025-12-10', 15, 43, 150, 1),
(1538, 53, '2025-12-11', 21, 62, 212, 1),
(1539, 53, '2025-12-12', 30, 85, 297, 1),
(1540, 53, '2025-12-15', 40, 107, 404, 1),
(1541, 53, '2025-12-16', 53, 121, 525, 1),
(1542, 53, '2025-12-17', 65, 121, 646, 1),
(1543, 53, '2025-12-18', 75, 107, 753, 1),
(1544, 53, '2025-12-19', 84, 85, 838, 1),
(1545, 53, '2025-12-22', 90, 62, 900, 1),
(1546, 53, '2025-12-23', 94, 43, 943, 1),
(1547, 53, '2025-12-24', 97, 28, 971, 1),
(1548, 53, '2025-12-25', 99, 18, 989, 1),
(1549, 53, '2025-12-26', 100, 11, 1000, 1),
(1550, 53, '2025-12-29', 100, 0, 1000, 1),
(1551, 53, '2025-12-30', 100, 0, 1000, 1),
(1552, 54, '2025-12-04', 5, 100, 100, 1),
(1553, 54, '2025-12-05', 6, 22, 122, 1),
(1554, 54, '2025-12-08', 8, 36, 158, 1),
(1555, 54, '2025-12-09', 11, 56, 214, 1),
(1556, 54, '2025-12-10', 15, 85, 299, 1),
(1557, 54, '2025-12-11', 21, 125, 424, 1),
(1558, 54, '2025-12-12', 30, 171, 595, 1),
(1559, 54, '2025-12-15', 40, 214, 809, 1),
(1560, 54, '2025-12-16', 53, 241, 1050, 1),
(1561, 54, '2025-12-17', 65, 241, 1291, 1),
(1562, 54, '2025-12-18', 75, 214, 1505, 1),
(1563, 54, '2025-12-19', 84, 171, 1676, 1),
(1564, 54, '2025-12-22', 90, 125, 1801, 1),
(1565, 54, '2025-12-23', 94, 85, 1886, 1),
(1566, 54, '2025-12-24', 97, 56, 1942, 1),
(1567, 54, '2025-12-25', 99, 36, 1978, 1),
(1568, 54, '2025-12-26', 100, 22, 2000, 1),
(1569, 54, '2025-12-29', 100, 0, 2000, 1),
(1570, 54, '2025-12-30', 100, 0, 2000, 1),
(1571, 55, '2025-12-04', 5, 75, 75, 1),
(1572, 55, '2025-12-05', 6, 17, 92, 1),
(1573, 55, '2025-12-08', 8, 27, 119, 1),
(1574, 55, '2025-12-09', 11, 42, 161, 1),
(1575, 55, '2025-12-10', 15, 64, 225, 1),
(1576, 55, '2025-12-11', 21, 93, 318, 1),
(1577, 55, '2025-12-12', 30, 128, 446, 1),
(1578, 55, '2025-12-15', 40, 160, 606, 1),
(1579, 55, '2025-12-16', 53, 182, 788, 1),
(1580, 55, '2025-12-17', 65, 181, 969, 1),
(1581, 55, '2025-12-18', 75, 160, 1129, 1),
(1582, 55, '2025-12-19', 84, 128, 1257, 1),
(1583, 55, '2025-12-22', 90, 93, 1350, 1),
(1584, 55, '2025-12-23', 94, 64, 1414, 1),
(1585, 55, '2025-12-24', 97, 42, 1456, 1),
(1586, 55, '2025-12-25', 99, 27, 1483, 1),
(1587, 55, '2025-12-26', 100, 17, 1500, 1),
(1588, 55, '2025-12-29', 100, 0, 1500, 1),
(1589, 55, '2025-12-30', 100, 0, 1500, 1),
(1590, 56, '2025-12-04', 5, 15, 15, 1),
(1591, 56, '2025-12-05', 6, 3, 18, 1),
(1592, 56, '2025-12-08', 8, 6, 24, 1),
(1593, 56, '2025-12-09', 11, 8, 32, 1),
(1594, 56, '2025-12-10', 15, 13, 45, 1),
(1595, 56, '2025-12-11', 21, 19, 64, 1),
(1596, 56, '2025-12-12', 30, 25, 89, 1),
(1597, 56, '2025-12-15', 40, 32, 121, 1),
(1598, 56, '2025-12-16', 53, 37, 158, 1),
(1599, 56, '2025-12-17', 65, 36, 194, 1),
(1600, 56, '2025-12-18', 75, 32, 226, 1),
(1601, 56, '2025-12-19', 84, 25, 251, 1),
(1602, 56, '2025-12-22', 90, 19, 270, 1),
(1603, 56, '2025-12-23', 94, 13, 283, 1),
(1604, 56, '2025-12-24', 97, 8, 291, 1),
(1605, 56, '2025-12-25', 99, 6, 297, 1),
(1606, 56, '2025-12-26', 100, 3, 300, 1),
(1607, 56, '2025-12-29', 100, 0, 300, 1),
(1608, 56, '2025-12-30', 100, 0, 300, 1),
(1609, 57, '2025-12-04', 5, 25, 25, 1),
(1610, 57, '2025-12-05', 6, 6, 31, 1),
(1611, 57, '2025-12-08', 8, 9, 40, 1),
(1612, 57, '2025-12-09', 11, 14, 54, 1),
(1613, 57, '2025-12-10', 15, 21, 75, 1),
(1614, 57, '2025-12-11', 21, 31, 106, 1),
(1615, 57, '2025-12-12', 30, 43, 149, 1),
(1616, 57, '2025-12-15', 40, 53, 202, 1),
(1617, 57, '2025-12-16', 53, 61, 263, 1),
(1618, 57, '2025-12-17', 65, 60, 323, 1),
(1619, 57, '2025-12-18', 75, 53, 376, 1),
(1620, 57, '2025-12-19', 84, 43, 419, 1),
(1621, 57, '2025-12-22', 90, 31, 450, 1),
(1622, 57, '2025-12-23', 94, 21, 471, 1),
(1623, 57, '2025-12-24', 97, 14, 485, 1),
(1624, 57, '2025-12-25', 99, 9, 494, 1),
(1625, 57, '2025-12-26', 100, 6, 500, 1),
(1626, 57, '2025-12-29', 100, 0, 500, 1),
(1627, 57, '2025-12-30', 100, 0, 500, 1),
(1628, 58, '2025-12-04', 5, 20, 20, 1),
(1629, 58, '2025-12-05', 6, 4, 24, 1),
(1630, 58, '2025-12-08', 8, 8, 32, 1),
(1631, 58, '2025-12-09', 11, 11, 43, 1),
(1632, 58, '2025-12-10', 15, 17, 60, 1),
(1633, 58, '2025-12-11', 21, 25, 85, 1),
(1634, 58, '2025-12-12', 30, 34, 119, 1),
(1635, 58, '2025-12-15', 40, 43, 162, 1),
(1636, 58, '2025-12-16', 53, 48, 210, 1),
(1637, 58, '2025-12-17', 65, 48, 258, 1),
(1638, 58, '2025-12-18', 75, 43, 301, 1),
(1639, 58, '2025-12-19', 84, 34, 335, 1),
(1640, 58, '2025-12-22', 90, 25, 360, 1),
(1641, 58, '2025-12-23', 94, 17, 377, 1),
(1642, 58, '2025-12-24', 97, 11, 388, 1),
(1643, 58, '2025-12-25', 99, 8, 396, 1),
(1644, 58, '2025-12-26', 100, 4, 400, 1),
(1645, 58, '2025-12-29', 100, 0, 400, 1),
(1646, 58, '2025-12-30', 100, 0, 400, 1),
(1647, 59, '2025-12-04', 5, 40, 40, 1),
(1648, 59, '2025-12-05', 6, 9, 49, 1),
(1649, 59, '2025-12-08', 8, 14, 63, 1),
(1650, 59, '2025-12-09', 11, 23, 86, 1),
(1651, 59, '2025-12-10', 15, 34, 120, 1),
(1652, 59, '2025-12-11', 21, 50, 170, 1),
(1653, 59, '2025-12-12', 30, 68, 238, 1),
(1654, 59, '2025-12-15', 40, 85, 323, 1),
(1655, 59, '2025-12-16', 53, 97, 420, 1),
(1656, 59, '2025-12-17', 65, 97, 517, 1),
(1657, 59, '2025-12-18', 75, 85, 602, 1),
(1658, 59, '2025-12-19', 84, 68, 670, 1),
(1659, 59, '2025-12-22', 90, 50, 720, 1),
(1660, 59, '2025-12-23', 94, 34, 754, 1),
(1661, 59, '2025-12-24', 97, 23, 777, 1),
(1662, 59, '2025-12-25', 99, 14, 791, 1),
(1663, 59, '2025-12-26', 100, 9, 800, 1),
(1664, 59, '2025-12-29', 100, 0, 800, 1),
(1665, 59, '2025-12-30', 100, 0, 800, 1),
(1666, 60, '2025-12-04', 5, 50, 50, 1),
(1667, 60, '2025-12-05', 6, 11, 61, 1),
(1668, 60, '2025-12-08', 8, 18, 79, 1),
(1669, 60, '2025-12-09', 11, 28, 107, 1),
(1670, 60, '2025-12-10', 15, 43, 150, 1),
(1671, 60, '2025-12-11', 21, 62, 212, 1),
(1672, 60, '2025-12-12', 30, 85, 297, 1),
(1673, 60, '2025-12-15', 40, 107, 404, 1),
(1674, 60, '2025-12-16', 53, 121, 525, 1),
(1675, 60, '2025-12-17', 65, 121, 646, 1),
(1676, 60, '2025-12-18', 75, 107, 753, 1),
(1677, 60, '2025-12-19', 84, 85, 838, 1),
(1678, 60, '2025-12-22', 90, 62, 900, 1),
(1679, 60, '2025-12-23', 94, 43, 943, 1),
(1680, 60, '2025-12-24', 97, 28, 971, 1),
(1681, 60, '2025-12-25', 99, 18, 989, 1),
(1682, 60, '2025-12-26', 100, 11, 1000, 1),
(1683, 60, '2025-12-29', 100, 0, 1000, 1),
(1684, 60, '2025-12-30', 100, 0, 1000, 1),
(1685, 61, '2025-12-04', 5, 100, 100, 1),
(1686, 61, '2025-12-05', 6, 22, 122, 1),
(1687, 61, '2025-12-08', 8, 36, 158, 1),
(1688, 61, '2025-12-09', 11, 56, 214, 1),
(1689, 61, '2025-12-10', 15, 85, 299, 1),
(1690, 61, '2025-12-11', 21, 125, 424, 1),
(1691, 61, '2025-12-12', 30, 171, 595, 1),
(1692, 61, '2025-12-15', 40, 214, 809, 1),
(1693, 61, '2025-12-16', 53, 241, 1050, 1),
(1694, 61, '2025-12-17', 65, 241, 1291, 1),
(1695, 61, '2025-12-18', 75, 214, 1505, 1),
(1696, 61, '2025-12-19', 84, 171, 1676, 1),
(1697, 61, '2025-12-22', 90, 125, 1801, 1),
(1698, 61, '2025-12-23', 94, 85, 1886, 1),
(1699, 61, '2025-12-24', 97, 56, 1942, 1),
(1700, 61, '2025-12-25', 99, 36, 1978, 1),
(1701, 61, '2025-12-26', 100, 22, 2000, 1),
(1702, 61, '2025-12-29', 100, 0, 2000, 1),
(1703, 61, '2025-12-30', 100, 0, 2000, 1),
(1704, 62, '2025-12-04', 5, 13, 13, 1),
(1705, 62, '2025-12-05', 6, 2, 15, 1),
(1706, 62, '2025-12-08', 8, 5, 20, 1),
(1707, 62, '2025-12-09', 11, 7, 27, 1),
(1708, 62, '2025-12-10', 15, 10, 37, 1),
(1709, 62, '2025-12-11', 21, 16, 53, 1),
(1710, 62, '2025-12-12', 30, 21, 74, 1),
(1711, 62, '2025-12-15', 40, 27, 101, 1),
(1712, 62, '2025-12-16', 53, 30, 131, 1),
(1713, 62, '2025-12-17', 65, 30, 161, 1),
(1714, 62, '2025-12-18', 75, 27, 188, 1),
(1715, 62, '2025-12-19', 84, 21, 209, 1),
(1716, 62, '2025-12-22', 90, 16, 225, 1),
(1717, 62, '2025-12-23', 94, 11, 236, 1),
(1718, 62, '2025-12-24', 97, 7, 243, 1),
(1719, 62, '2025-12-25', 99, 4, 247, 1),
(1720, 62, '2025-12-26', 100, 3, 250, 1),
(1721, 62, '2025-12-29', 100, 0, 250, 1),
(1722, 62, '2025-12-30', 100, 0, 250, 1),
(1723, 63, '2025-12-04', 5, 5, 5, 1),
(1724, 63, '2025-12-05', 6, 1, 6, 1),
(1725, 63, '2025-12-08', 8, 2, 8, 1),
(1726, 63, '2025-12-09', 11, 3, 11, 1),
(1727, 63, '2025-12-10', 15, 4, 15, 1),
(1728, 63, '2025-12-11', 21, 6, 21, 1),
(1729, 63, '2025-12-12', 30, 9, 30, 1),
(1730, 63, '2025-12-15', 40, 10, 40, 1),
(1731, 63, '2025-12-16', 53, 13, 53, 1),
(1732, 63, '2025-12-17', 65, 12, 65, 1),
(1733, 63, '2025-12-18', 75, 10, 75, 1),
(1734, 63, '2025-12-19', 84, 9, 84, 1),
(1735, 63, '2025-12-22', 90, 6, 90, 1),
(1736, 63, '2025-12-23', 94, 4, 94, 1),
(1737, 63, '2025-12-24', 97, 3, 97, 1),
(1738, 63, '2025-12-25', 99, 2, 99, 1),
(1739, 63, '2025-12-26', 100, 1, 100, 1),
(1740, 63, '2025-12-29', 100, 0, 100, 1),
(1741, 63, '2025-12-30', 100, 0, 100, 1),
(1742, 64, '2025-12-04', 5, 8, 8, 1),
(1743, 64, '2025-12-05', 6, 1, 9, 1),
(1744, 64, '2025-12-08', 8, 3, 12, 1),
(1745, 64, '2025-12-09', 11, 4, 16, 1),
(1746, 64, '2025-12-10', 15, 6, 22, 1),
(1747, 64, '2025-12-11', 21, 10, 32, 1),
(1748, 64, '2025-12-12', 30, 13, 45, 1),
(1749, 64, '2025-12-15', 40, 16, 61, 1),
(1750, 64, '2025-12-16', 53, 18, 79, 1),
(1751, 64, '2025-12-17', 65, 18, 97, 1),
(1752, 64, '2025-12-18', 75, 16, 113, 1),
(1753, 64, '2025-12-19', 84, 13, 126, 1),
(1754, 64, '2025-12-22', 90, 9, 135, 1),
(1755, 64, '2025-12-23', 94, 6, 141, 1),
(1756, 64, '2025-12-24', 97, 5, 146, 1),
(1757, 64, '2025-12-25', 99, 2, 148, 1),
(1758, 64, '2025-12-26', 100, 2, 150, 1),
(1759, 64, '2025-12-29', 100, 0, 150, 1),
(1760, 64, '2025-12-30', 100, 0, 150, 1),
(1761, 25, '2025-12-01', 5, 5, 5, 1),
(1762, 25, '2025-12-02', 6, 1, 6, 1),
(1763, 25, '2025-12-03', 7, 1, 7, 1),
(1764, 25, '2025-12-04', 10, 3, 10, 1),
(1765, 25, '2025-12-05', 13, 3, 13, 1),
(1766, 25, '2025-12-08', 17, 4, 17, 1),
(1767, 25, '2025-12-09', 24, 7, 24, 1),
(1768, 25, '2025-12-10', 32, 8, 32, 1),
(1769, 25, '2025-12-11', 42, 10, 42, 1),
(1770, 25, '2025-12-12', 53, 11, 53, 1),
(1771, 25, '2025-12-15', 63, 10, 63, 1),
(1772, 25, '2025-12-16', 73, 10, 73, 1),
(1773, 25, '2025-12-17', 81, 8, 81, 1),
(1774, 25, '2025-12-18', 88, 7, 88, 1),
(1775, 25, '2025-12-19', 92, 4, 92, 1),
(1776, 25, '2025-12-22', 95, 3, 95, 1),
(1777, 25, '2025-12-23', 98, 3, 98, 1),
(1778, 25, '2025-12-24', 99, 1, 99, 1),
(1779, 25, '2025-12-25', 100, 1, 100, 1),
(1780, 25, '2025-12-26', 100, 0, 100, 1),
(1781, 25, '2025-12-29', 100, 0, 100, 1),
(1782, 25, '2025-12-30', 100, 0, 100, 1),
(1783, 25, '2025-12-31', 100, 0, 100, 1),
(1784, 26, '2025-12-01', 5, 5, 5, 1),
(1785, 26, '2025-12-02', 6, 1, 6, 1),
(1786, 26, '2025-12-03', 7, 1, 7, 1),
(1787, 26, '2025-12-04', 10, 3, 10, 1),
(1788, 26, '2025-12-05', 13, 3, 13, 1),
(1789, 26, '2025-12-08', 17, 4, 17, 1),
(1790, 26, '2025-12-09', 24, 7, 24, 1),
(1791, 26, '2025-12-10', 32, 8, 32, 1),
(1792, 26, '2025-12-11', 42, 10, 42, 1),
(1793, 26, '2025-12-12', 53, 11, 53, 1),
(1794, 26, '2025-12-15', 63, 10, 63, 1),
(1795, 26, '2025-12-16', 73, 10, 73, 1),
(1796, 26, '2025-12-17', 81, 8, 81, 1),
(1797, 26, '2025-12-18', 88, 7, 88, 1),
(1798, 26, '2025-12-19', 92, 4, 92, 1),
(1799, 26, '2025-12-22', 95, 3, 95, 1),
(1800, 26, '2025-12-23', 98, 3, 98, 1),
(1801, 26, '2025-12-24', 99, 1, 99, 1),
(1802, 26, '2025-12-25', 100, 1, 100, 1),
(1803, 26, '2025-12-26', 100, 0, 100, 1),
(1804, 26, '2025-12-29', 100, 0, 100, 1),
(1805, 26, '2025-12-30', 100, 0, 100, 1),
(1806, 26, '2025-12-31', 100, 0, 100, 1),
(1807, 27, '2025-12-01', 5, 5, 5, 1),
(1808, 27, '2025-12-02', 6, 1, 6, 1),
(1809, 27, '2025-12-03', 7, 1, 7, 1),
(1810, 27, '2025-12-04', 10, 3, 10, 1),
(1811, 27, '2025-12-05', 13, 3, 13, 1),
(1812, 27, '2025-12-08', 17, 4, 17, 1),
(1813, 27, '2025-12-09', 24, 7, 24, 1),
(1814, 27, '2025-12-10', 32, 8, 32, 1),
(1815, 27, '2025-12-11', 42, 10, 42, 1),
(1816, 27, '2025-12-12', 53, 11, 53, 1),
(1817, 27, '2025-12-15', 63, 10, 63, 1),
(1818, 27, '2025-12-16', 73, 10, 73, 1),
(1819, 27, '2025-12-17', 81, 8, 81, 1),
(1820, 27, '2025-12-18', 88, 7, 88, 1),
(1821, 27, '2025-12-19', 92, 4, 92, 1),
(1822, 27, '2025-12-22', 95, 3, 95, 1),
(1823, 27, '2025-12-23', 98, 3, 98, 1),
(1824, 27, '2025-12-24', 99, 1, 99, 1),
(1825, 27, '2025-12-25', 100, 1, 100, 1),
(1826, 27, '2025-12-26', 100, 0, 100, 1),
(1827, 27, '2025-12-29', 100, 0, 100, 1),
(1828, 27, '2025-12-30', 100, 0, 100, 1),
(1829, 27, '2025-12-31', 100, 0, 100, 1),
(1830, 28, '2025-12-01', 5, 5, 5, 1),
(1831, 28, '2025-12-02', 6, 1, 6, 1),
(1832, 28, '2025-12-03', 7, 1, 7, 1),
(1833, 28, '2025-12-04', 10, 3, 10, 1),
(1834, 28, '2025-12-05', 13, 3, 13, 1),
(1835, 28, '2025-12-08', 17, 4, 17, 1),
(1836, 28, '2025-12-09', 24, 7, 24, 1),
(1837, 28, '2025-12-10', 32, 8, 32, 1),
(1838, 28, '2025-12-11', 42, 10, 42, 1),
(1839, 28, '2025-12-12', 53, 11, 53, 1),
(1840, 28, '2025-12-15', 63, 10, 63, 1),
(1841, 28, '2025-12-16', 73, 10, 73, 1),
(1842, 28, '2025-12-17', 81, 8, 81, 1),
(1843, 28, '2025-12-18', 88, 7, 88, 1),
(1844, 28, '2025-12-19', 92, 4, 92, 1),
(1845, 28, '2025-12-22', 95, 3, 95, 1),
(1846, 28, '2025-12-23', 98, 3, 98, 1),
(1847, 28, '2025-12-24', 99, 1, 99, 1),
(1848, 28, '2025-12-25', 100, 1, 100, 1),
(1849, 28, '2025-12-26', 100, 0, 100, 1),
(1850, 28, '2025-12-29', 100, 0, 100, 1),
(1851, 28, '2025-12-30', 100, 0, 100, 1),
(1852, 28, '2025-12-31', 100, 0, 100, 1),
(1853, 29, '2025-12-01', 5, 5, 5, 1),
(1854, 29, '2025-12-02', 6, 1, 6, 1),
(1855, 29, '2025-12-03', 7, 1, 7, 1),
(1856, 29, '2025-12-04', 10, 3, 10, 1),
(1857, 29, '2025-12-05', 13, 3, 13, 1),
(1858, 29, '2025-12-08', 17, 4, 17, 1),
(1859, 29, '2025-12-09', 24, 7, 24, 1),
(1860, 29, '2025-12-10', 32, 8, 32, 1),
(1861, 29, '2025-12-11', 42, 10, 42, 1),
(1862, 29, '2025-12-12', 53, 11, 53, 1),
(1863, 29, '2025-12-15', 63, 10, 63, 1),
(1864, 29, '2025-12-16', 73, 10, 73, 1),
(1865, 29, '2025-12-17', 81, 8, 81, 1),
(1866, 29, '2025-12-18', 88, 7, 88, 1),
(1867, 29, '2025-12-19', 92, 4, 92, 1),
(1868, 29, '2025-12-22', 95, 3, 95, 1),
(1869, 29, '2025-12-23', 98, 3, 98, 1),
(1870, 29, '2025-12-24', 99, 1, 99, 1),
(1871, 29, '2025-12-25', 100, 1, 100, 1),
(1872, 29, '2025-12-26', 100, 0, 100, 1),
(1873, 29, '2025-12-29', 100, 0, 100, 1),
(1874, 29, '2025-12-30', 100, 0, 100, 1),
(1875, 29, '2025-12-31', 100, 0, 100, 1),
(1876, 30, '2025-12-01', 5, 5, 5, 1),
(1877, 30, '2025-12-02', 6, 1, 6, 1),
(1878, 30, '2025-12-03', 7, 1, 7, 1),
(1879, 30, '2025-12-04', 10, 3, 10, 1),
(1880, 30, '2025-12-05', 13, 3, 13, 1),
(1881, 30, '2025-12-08', 17, 4, 17, 1),
(1882, 30, '2025-12-09', 24, 7, 24, 1),
(1883, 30, '2025-12-10', 32, 8, 32, 1),
(1884, 30, '2025-12-11', 42, 10, 42, 1),
(1885, 30, '2025-12-12', 53, 11, 53, 1),
(1886, 30, '2025-12-15', 63, 10, 63, 1),
(1887, 30, '2025-12-16', 73, 10, 73, 1),
(1888, 30, '2025-12-17', 81, 8, 81, 1),
(1889, 30, '2025-12-18', 88, 7, 88, 1),
(1890, 30, '2025-12-19', 92, 4, 92, 1),
(1891, 30, '2025-12-22', 95, 3, 95, 1),
(1892, 30, '2025-12-23', 98, 3, 98, 1),
(1893, 30, '2025-12-24', 99, 1, 99, 1),
(1894, 30, '2025-12-25', 100, 1, 100, 1),
(1895, 30, '2025-12-26', 100, 0, 100, 1),
(1896, 30, '2025-12-29', 100, 0, 100, 1),
(1897, 30, '2025-12-30', 100, 0, 100, 1),
(1898, 30, '2025-12-31', 100, 0, 100, 1),
(1899, 31, '2025-12-01', 5, 5, 5, 1),
(1900, 31, '2025-12-02', 6, 1, 6, 1),
(1901, 31, '2025-12-03', 7, 1, 7, 1),
(1902, 31, '2025-12-04', 10, 3, 10, 1),
(1903, 31, '2025-12-05', 13, 3, 13, 1),
(1904, 31, '2025-12-08', 17, 4, 17, 1),
(1905, 31, '2025-12-09', 24, 7, 24, 1),
(1906, 31, '2025-12-10', 32, 8, 32, 1),
(1907, 31, '2025-12-11', 42, 10, 42, 1),
(1908, 31, '2025-12-12', 53, 11, 53, 1),
(1909, 31, '2025-12-15', 63, 10, 63, 1),
(1910, 31, '2025-12-16', 73, 10, 73, 1),
(1911, 31, '2025-12-17', 81, 8, 81, 1),
(1912, 31, '2025-12-18', 88, 7, 88, 1),
(1913, 31, '2025-12-19', 92, 4, 92, 1),
(1914, 31, '2025-12-22', 95, 3, 95, 1),
(1915, 31, '2025-12-23', 98, 3, 98, 1),
(1916, 31, '2025-12-24', 99, 1, 99, 1),
(1917, 31, '2025-12-25', 100, 1, 100, 1),
(1918, 31, '2025-12-26', 100, 0, 100, 1),
(1919, 31, '2025-12-29', 100, 0, 100, 1),
(1920, 31, '2025-12-30', 100, 0, 100, 1),
(1921, 31, '2025-12-31', 100, 0, 100, 1),
(1922, 32, '2025-12-01', 5, 5, 5, 1),
(1923, 32, '2025-12-02', 6, 1, 6, 1),
(1924, 32, '2025-12-03', 7, 1, 7, 1),
(1925, 32, '2025-12-04', 10, 3, 10, 1),
(1926, 32, '2025-12-05', 13, 3, 13, 1),
(1927, 32, '2025-12-08', 17, 4, 17, 1),
(1928, 32, '2025-12-09', 24, 7, 24, 1),
(1929, 32, '2025-12-10', 32, 8, 32, 1),
(1930, 32, '2025-12-11', 42, 10, 42, 1),
(1931, 32, '2025-12-12', 53, 11, 53, 1),
(1932, 32, '2025-12-15', 63, 10, 63, 1),
(1933, 32, '2025-12-16', 73, 10, 73, 1),
(1934, 32, '2025-12-17', 81, 8, 81, 1),
(1935, 32, '2025-12-18', 88, 7, 88, 1),
(1936, 32, '2025-12-19', 92, 4, 92, 1),
(1937, 32, '2025-12-22', 95, 3, 95, 1),
(1938, 32, '2025-12-23', 98, 3, 98, 1),
(1939, 32, '2025-12-24', 99, 1, 99, 1),
(1940, 32, '2025-12-25', 100, 1, 100, 1),
(1941, 32, '2025-12-26', 100, 0, 100, 1),
(1942, 32, '2025-12-29', 100, 0, 100, 1),
(1943, 32, '2025-12-30', 100, 0, 100, 1),
(1944, 32, '2025-12-31', 100, 0, 100, 1),
(1945, 33, '2025-12-01', 5, 3, 3, 1),
(1946, 33, '2025-12-02', 6, 0, 3, 1),
(1947, 33, '2025-12-03', 7, 1, 4, 1),
(1948, 33, '2025-12-04', 10, 1, 5, 1),
(1949, 33, '2025-12-05', 13, 1, 6, 1),
(1950, 33, '2025-12-08', 17, 3, 9, 1),
(1951, 33, '2025-12-09', 24, 3, 12, 1),
(1952, 33, '2025-12-10', 32, 4, 16, 1),
(1953, 33, '2025-12-11', 42, 5, 21, 1),
(1954, 33, '2025-12-12', 53, 5, 26, 1),
(1955, 33, '2025-12-15', 63, 6, 32, 1),
(1956, 33, '2025-12-16', 73, 5, 37, 1),
(1957, 33, '2025-12-17', 81, 4, 41, 1),
(1958, 33, '2025-12-18', 88, 3, 44, 1),
(1959, 33, '2025-12-19', 92, 2, 46, 1),
(1960, 33, '2025-12-22', 95, 2, 48, 1),
(1961, 33, '2025-12-23', 98, 1, 49, 1),
(1962, 33, '2025-12-24', 99, 1, 50, 1),
(1963, 33, '2025-12-25', 100, 0, 50, 1),
(1964, 33, '2025-12-26', 100, 0, 50, 1),
(1965, 33, '2025-12-29', 100, 0, 50, 1),
(1966, 33, '2025-12-30', 100, 0, 50, 1),
(1967, 33, '2025-12-31', 100, 0, 50, 1),
(1968, 34, '2025-12-01', 5, 3, 3, 1),
(1969, 34, '2025-12-02', 6, 0, 3, 1),
(1970, 34, '2025-12-03', 7, 1, 4, 1),
(1971, 34, '2025-12-04', 10, 1, 5, 1),
(1972, 34, '2025-12-05', 13, 1, 6, 1),
(1973, 34, '2025-12-08', 17, 3, 9, 1),
(1974, 34, '2025-12-09', 24, 3, 12, 1),
(1975, 34, '2025-12-10', 32, 4, 16, 1),
(1976, 34, '2025-12-11', 42, 5, 21, 1),
(1977, 34, '2025-12-12', 53, 5, 26, 1),
(1978, 34, '2025-12-15', 63, 6, 32, 1),
(1979, 34, '2025-12-16', 73, 5, 37, 1),
(1980, 34, '2025-12-17', 81, 4, 41, 1),
(1981, 34, '2025-12-18', 88, 3, 44, 1),
(1982, 34, '2025-12-19', 92, 2, 46, 1),
(1983, 34, '2025-12-22', 95, 2, 48, 1),
(1984, 34, '2025-12-23', 98, 1, 49, 1),
(1985, 34, '2025-12-24', 99, 1, 50, 1),
(1986, 34, '2025-12-25', 100, 0, 50, 1),
(1987, 34, '2025-12-26', 100, 0, 50, 1),
(1988, 34, '2025-12-29', 100, 0, 50, 1),
(1989, 34, '2025-12-30', 100, 0, 50, 1),
(1990, 34, '2025-12-31', 100, 0, 50, 1),
(1991, 35, '2025-12-01', 5, 3, 3, 1),
(1992, 35, '2025-12-02', 6, 0, 3, 1),
(1993, 35, '2025-12-03', 7, 1, 4, 1),
(1994, 35, '2025-12-04', 10, 1, 5, 1),
(1995, 35, '2025-12-05', 13, 1, 6, 1),
(1996, 35, '2025-12-08', 17, 3, 9, 1),
(1997, 35, '2025-12-09', 24, 3, 12, 1),
(1998, 35, '2025-12-10', 32, 4, 16, 1),
(1999, 35, '2025-12-11', 42, 5, 21, 1),
(2000, 35, '2025-12-12', 53, 5, 26, 1),
(2001, 35, '2025-12-15', 63, 6, 32, 1),
(2002, 35, '2025-12-16', 73, 5, 37, 1),
(2003, 35, '2025-12-17', 81, 4, 41, 1),
(2004, 35, '2025-12-18', 88, 3, 44, 1),
(2005, 35, '2025-12-19', 92, 2, 46, 1),
(2006, 35, '2025-12-22', 95, 2, 48, 1),
(2007, 35, '2025-12-23', 98, 1, 49, 1),
(2008, 35, '2025-12-24', 99, 1, 50, 1),
(2009, 35, '2025-12-25', 100, 0, 50, 1),
(2010, 35, '2025-12-26', 100, 0, 50, 1),
(2011, 35, '2025-12-29', 100, 0, 50, 1),
(2012, 35, '2025-12-30', 100, 0, 50, 1),
(2013, 35, '2025-12-31', 100, 0, 50, 1),
(2014, 36, '2025-12-01', 5, 3, 3, 1),
(2015, 36, '2025-12-02', 6, 0, 3, 1),
(2016, 36, '2025-12-03', 7, 1, 4, 1),
(2017, 36, '2025-12-04', 10, 1, 5, 1),
(2018, 36, '2025-12-05', 13, 1, 6, 1),
(2019, 36, '2025-12-08', 17, 3, 9, 1),
(2020, 36, '2025-12-09', 24, 3, 12, 1),
(2021, 36, '2025-12-10', 32, 4, 16, 1),
(2022, 36, '2025-12-11', 42, 5, 21, 1),
(2023, 36, '2025-12-12', 53, 5, 26, 1),
(2024, 36, '2025-12-15', 63, 6, 32, 1),
(2025, 36, '2025-12-16', 73, 5, 37, 1),
(2026, 36, '2025-12-17', 81, 4, 41, 1),
(2027, 36, '2025-12-18', 88, 3, 44, 1),
(2028, 36, '2025-12-19', 92, 2, 46, 1),
(2029, 36, '2025-12-22', 95, 2, 48, 1),
(2030, 36, '2025-12-23', 98, 1, 49, 1),
(2031, 36, '2025-12-24', 99, 1, 50, 1),
(2032, 36, '2025-12-25', 100, 0, 50, 1),
(2033, 36, '2025-12-26', 100, 0, 50, 1),
(2034, 36, '2025-12-29', 100, 0, 50, 1),
(2035, 36, '2025-12-30', 100, 0, 50, 1),
(2036, 36, '2025-12-31', 100, 0, 50, 1),
(2072, 5, '2025-12-01', 5, 50, 50, 1),
(2073, 5, '2025-12-02', 5, 4, 54, 1),
(2074, 5, '2025-12-03', 6, 5, 59, 1),
(2075, 5, '2025-12-04', 7, 6, 65, 1),
(2076, 5, '2025-12-05', 7, 7, 72, 1),
(2077, 5, '2025-12-08', 8, 9, 81, 1),
(2078, 5, '2025-12-09', 9, 11, 92, 1),
(2079, 5, '2025-12-10', 11, 13, 105, 1),
(2080, 5, '2025-12-11', 12, 16, 121, 1),
(2081, 5, '2025-12-12', 14, 18, 139, 1),
(2082, 5, '2025-12-15', 16, 22, 161, 1),
(2083, 5, '2025-12-16', 19, 26, 187, 1),
(2084, 5, '2025-12-17', 22, 29, 216, 1),
(2085, 5, '2025-12-18', 25, 33, 249, 1),
(2086, 5, '2025-12-19', 29, 38, 287, 1),
(2087, 5, '2025-12-22', 33, 42, 329, 1),
(2088, 5, '2025-12-23', 37, 45, 374, 1),
(2089, 5, '2025-12-24', 42, 49, 423, 1),
(2090, 5, '2025-12-25', 47, 50, 473, 1),
(2091, 5, '2025-12-26', 53, 52, 525, 1),
(2092, 5, '2025-12-29', 58, 52, 577, 1),
(2093, 5, '2025-12-30', 63, 50, 627, 1),
(2094, 5, '2025-12-31', 68, 49, 676, 1),
(2095, 5, '2026-01-01', 72, 45, 721, 1),
(2096, 5, '2026-01-02', 76, 42, 763, 1),
(2097, 5, '2026-01-05', 80, 38, 801, 1),
(2098, 5, '2026-01-06', 83, 33, 834, 1),
(2099, 5, '2026-01-07', 86, 29, 863, 1),
(2100, 5, '2026-01-08', 89, 26, 889, 1),
(2101, 5, '2026-01-09', 91, 22, 911, 1),
(2102, 5, '2026-01-12', 93, 18, 929, 1),
(2103, 5, '2026-01-13', 94, 16, 945, 1),
(2104, 5, '2026-01-14', 96, 13, 958, 1),
(2105, 5, '2026-01-15', 97, 11, 969, 1),
(2106, 5, '2026-01-16', 98, 9, 978, 1),
(2107, 5, '2026-01-19', 98, 7, 985, 1),
(2108, 5, '2026-01-20', 99, 6, 991, 1),
(2109, 5, '2026-01-21', 100, 5, 996, 1),
(2110, 5, '2026-01-22', 100, 4, 1000, 1),
(2111, 5, '2026-01-23', 100, 0, 1000, 1),
(2112, 5, '2026-01-26', 100, 0, 1000, 1),
(2113, 5, '2026-01-27', 100, 0, 1000, 1),
(2114, 5, '2026-01-28', 100, 0, 1000, 1),
(2115, 5, '2026-01-29', 100, 0, 1000, 1),
(2116, 5, '2026-01-30', 100, 0, 1000, 1);

-- --------------------------------------------------------

--
-- Table structure for table `kurva_petugas`
--

CREATE TABLE `kurva_petugas` (
  `id_kurva_petugas` int UNSIGNED NOT NULL,
  `id_pcl` int UNSIGNED NOT NULL,
  `tanggal_target` date NOT NULL,
  `target_persen_kumulatif` int UNSIGNED NOT NULL,
  `target_harian_absolut` int UNSIGNED NOT NULL,
  `target_kumulatif_absolut` int UNSIGNED NOT NULL,
  `is_hari_kerja` tinyint(1) NOT NULL
) ENGINE=InnoDB DEFAULT CHARSET=utf8mb4 COLLATE=utf8mb4_general_ci;

--
-- Dumping data for table `kurva_petugas`
--

INSERT INTO `kurva_petugas` (`id_kurva_petugas`, `id_pcl`, `tanggal_target`, `target_persen_kumulatif`, `target_harian_absolut`, `target_kumulatif_absolut`, `is_hari_kerja`) VALUES
(65, 6, '2025-10-27', 5, 8, 8, 1),
(66, 6, '2025-10-28', 6, 1, 9, 1),
(67, 6, '2025-10-29', 7, 2, 11, 1),
(68, 6, '2025-10-30', 10, 3, 14, 1),
(69, 6, '2025-10-31', 13, 5, 19, 1),
(70, 6, '2025-11-03', 17, 7, 26, 1),
(71, 6, '2025-11-04', 24, 10, 36, 1),
(72, 6, '2025-11-05', 32, 12, 48, 1),
(73, 6, '2025-11-06', 42, 15, 63, 1),
(74, 6, '2025-11-07', 53, 16, 79, 1),
(75, 6, '2025-11-10', 63, 16, 95, 1),
(76, 6, '2025-11-11', 73, 15, 110, 1),
(77, 6, '2025-11-12', 81, 12, 122, 1),
(78, 6, '2025-11-13', 88, 9, 131, 1),
(79, 6, '2025-11-14', 92, 7, 138, 1),
(80, 6, '2025-11-17', 95, 5, 143, 1),
(81, 6, '2025-11-18', 98, 3, 146, 1),
(82, 6, '2025-11-19', 99, 3, 149, 1),
(83, 6, '2025-11-20', 100, 1, 150, 1),
(84, 6, '2025-11-21', 100, 0, 150, 1),
(85, 6, '2025-11-24', 100, 0, 150, 1),
(86, 6, '2025-11-25', 100, 0, 150, 1),
(156, 10, '2025-12-04', 2, 12, 12, 1),
(157, 10, '2025-12-05', 3, 6, 18, 1),
(158, 10, '2025-12-08', 4, 8, 26, 1),
(159, 10, '2025-12-09', 6, 12, 38, 1),
(160, 10, '2025-12-10', 9, 18, 56, 1),
(161, 10, '2025-12-11', 13, 25, 81, 1),
(162, 10, '2025-12-12', 19, 34, 115, 1),
(163, 10, '2025-12-15', 26, 44, 159, 1),
(164, 10, '2025-12-16', 35, 54, 213, 1),
(165, 10, '2025-12-17', 46, 61, 274, 1),
(166, 10, '2025-12-18', 56, 64, 338, 1),
(167, 10, '2025-12-19', 67, 61, 399, 1),
(168, 10, '2025-12-22', 76, 54, 453, 1),
(169, 10, '2025-12-23', 83, 44, 497, 1),
(170, 10, '2025-12-24', 89, 34, 531, 1),
(171, 10, '2025-12-25', 93, 25, 556, 1),
(172, 10, '2025-12-26', 96, 18, 574, 1),
(173, 10, '2025-12-29', 98, 12, 586, 1),
(174, 10, '2025-12-30', 99, 8, 594, 1),
(175, 10, '2025-12-31', 100, 6, 600, 1),
(176, 10, '2026-01-01', 100, 0, 600, 1),
(177, 10, '2026-01-02', 100, 0, 600, 1),
(178, 11, '2025-12-04', 2, 12, 12, 1),
(179, 11, '2025-12-05', 3, 6, 18, 1),
(180, 11, '2025-12-08', 4, 8, 26, 1),
(181, 11, '2025-12-09', 6, 12, 38, 1),
(182, 11, '2025-12-10', 9, 18, 56, 1),
(183, 11, '2025-12-11', 13, 25, 81, 1),
(184, 11, '2025-12-12', 19, 34, 115, 1),
(185, 11, '2025-12-15', 26, 44, 159, 1),
(186, 11, '2025-12-16', 35, 54, 213, 1),
(187, 11, '2025-12-17', 46, 61, 274, 1),
(188, 11, '2025-12-18', 56, 64, 338, 1),
(189, 11, '2025-12-19', 67, 61, 399, 1),
(190, 11, '2025-12-22', 76, 54, 453, 1),
(191, 11, '2025-12-23', 83, 44, 497, 1),
(192, 11, '2025-12-24', 89, 34, 531, 1),
(193, 11, '2025-12-25', 93, 25, 556, 1),
(194, 11, '2025-12-26', 96, 18, 574, 1),
(195, 11, '2025-12-29', 98, 12, 586, 1),
(196, 11, '2025-12-30', 99, 8, 594, 1),
(197, 11, '2025-12-31', 100, 6, 600, 1),
(198, 11, '2026-01-01', 100, 0, 600, 1),
(199, 11, '2026-01-02', 100, 0, 600, 1),
(240, 12, '2025-12-04', 5, 3, 3, 1),
(241, 12, '2025-12-05', 6, 0, 3, 1),
(242, 12, '2025-12-08', 8, 1, 4, 1),
(243, 12, '2025-12-09', 11, 1, 5, 1),
(244, 12, '2025-12-10', 15, 2, 7, 1),
(245, 12, '2025-12-11', 21, 4, 11, 1),
(246, 12, '2025-12-12', 30, 4, 15, 1),
(247, 12, '2025-12-15', 40, 5, 20, 1),
(248, 12, '2025-12-16', 53, 6, 26, 1),
(249, 12, '2025-12-17', 65, 6, 32, 1),
(250, 12, '2025-12-18', 75, 6, 38, 1),
(251, 12, '2025-12-19', 84, 4, 42, 1),
(252, 12, '2025-12-22', 90, 3, 45, 1),
(253, 12, '2025-12-23', 94, 2, 47, 1),
(254, 12, '2025-12-24', 97, 2, 49, 1),
(255, 12, '2025-12-25', 99, 0, 49, 1),
(256, 12, '2025-12-26', 100, 1, 50, 1),
(257, 12, '2025-12-29', 100, 0, 50, 1),
(258, 12, '2025-12-30', 100, 0, 50, 1),
(259, 13, '2025-12-04', 5, 5, 5, 1),
(260, 13, '2025-12-05', 6, 1, 6, 1),
(261, 13, '2025-12-08', 8, 2, 8, 1),
(262, 13, '2025-12-09', 11, 3, 11, 1),
(263, 13, '2025-12-10', 15, 4, 15, 1),
(264, 13, '2025-12-11', 21, 6, 21, 1),
(265, 13, '2025-12-12', 30, 9, 30, 1),
(266, 13, '2025-12-15', 40, 10, 40, 1),
(267, 13, '2025-12-16', 53, 13, 53, 1),
(268, 13, '2025-12-17', 65, 12, 65, 1),
(269, 13, '2025-12-18', 75, 10, 75, 1),
(270, 13, '2025-12-19', 84, 9, 84, 1),
(271, 13, '2025-12-22', 90, 6, 90, 1),
(272, 13, '2025-12-23', 94, 4, 94, 1),
(273, 13, '2025-12-24', 97, 3, 97, 1),
(274, 13, '2025-12-25', 99, 2, 99, 1),
(275, 13, '2025-12-26', 100, 1, 100, 1),
(276, 13, '2025-12-29', 100, 0, 100, 1),
(277, 13, '2025-12-30', 100, 0, 100, 1),
(278, 7, '2025-12-01', 5, 10, 10, 1),
(279, 7, '2025-12-02', 5, 1, 11, 1),
(280, 7, '2025-12-03', 6, 1, 12, 1),
(281, 7, '2025-12-04', 7, 1, 13, 1),
(282, 7, '2025-12-05', 7, 1, 14, 1),
(283, 7, '2025-12-08', 8, 2, 16, 1),
(284, 7, '2025-12-09', 9, 2, 18, 1),
(285, 7, '2025-12-10', 11, 3, 21, 1),
(286, 7, '2025-12-11', 12, 3, 24, 1),
(287, 7, '2025-12-12', 14, 4, 28, 1),
(288, 7, '2025-12-15', 16, 4, 32, 1),
(289, 7, '2025-12-16', 19, 5, 37, 1),
(290, 7, '2025-12-17', 22, 6, 43, 1),
(291, 7, '2025-12-18', 25, 7, 50, 1),
(292, 7, '2025-12-19', 29, 7, 57, 1),
(293, 7, '2025-12-22', 33, 9, 66, 1),
(294, 7, '2025-12-23', 37, 9, 75, 1),
(295, 7, '2025-12-24', 42, 10, 85, 1),
(296, 7, '2025-12-25', 47, 10, 95, 1),
(297, 7, '2025-12-26', 53, 10, 105, 1),
(298, 7, '2025-12-29', 58, 10, 115, 1),
(299, 7, '2025-12-30', 63, 10, 125, 1),
(300, 7, '2025-12-31', 68, 10, 135, 1),
(301, 7, '2026-01-01', 72, 9, 144, 1),
(302, 7, '2026-01-02', 76, 9, 153, 1),
(303, 7, '2026-01-05', 80, 7, 160, 1),
(304, 7, '2026-01-06', 83, 7, 167, 1),
(305, 7, '2026-01-07', 86, 6, 173, 1),
(306, 7, '2026-01-08', 89, 5, 178, 1),
(307, 7, '2026-01-09', 91, 4, 182, 1),
(308, 7, '2026-01-12', 93, 4, 186, 1),
(309, 7, '2026-01-13', 94, 3, 189, 1),
(310, 7, '2026-01-14', 96, 3, 192, 1),
(311, 7, '2026-01-15', 97, 2, 194, 1),
(312, 7, '2026-01-16', 98, 2, 196, 1),
(313, 7, '2026-01-19', 98, 1, 197, 1),
(314, 7, '2026-01-20', 99, 1, 198, 1),
(315, 7, '2026-01-21', 100, 1, 199, 1),
(316, 7, '2026-01-22', 100, 1, 200, 1),
(317, 7, '2026-01-23', 100, 0, 200, 1),
(318, 7, '2026-01-26', 100, 0, 200, 1),
(319, 7, '2026-01-27', 100, 0, 200, 1),
(320, 7, '2026-01-28', 100, 0, 200, 1),
(321, 7, '2026-01-29', 100, 0, 200, 1),
(322, 7, '2026-01-30', 100, 0, 200, 1),
(323, 8, '2025-12-01', 5, 10, 10, 1),
(324, 8, '2025-12-02', 5, 1, 11, 1),
(325, 8, '2025-12-03', 6, 1, 12, 1),
(326, 8, '2025-12-04', 7, 1, 13, 1),
(327, 8, '2025-12-05', 7, 1, 14, 1),
(328, 8, '2025-12-08', 8, 2, 16, 1),
(329, 8, '2025-12-09', 9, 2, 18, 1),
(330, 8, '2025-12-10', 11, 3, 21, 1),
(331, 8, '2025-12-11', 12, 3, 24, 1),
(332, 8, '2025-12-12', 14, 4, 28, 1),
(333, 8, '2025-12-15', 16, 4, 32, 1),
(334, 8, '2025-12-16', 19, 5, 37, 1),
(335, 8, '2025-12-17', 22, 6, 43, 1),
(336, 8, '2025-12-18', 25, 7, 50, 1),
(337, 8, '2025-12-19', 29, 7, 57, 1),
(338, 8, '2025-12-22', 33, 9, 66, 1),
(339, 8, '2025-12-23', 37, 9, 75, 1),
(340, 8, '2025-12-24', 42, 10, 85, 1),
(341, 8, '2025-12-25', 47, 10, 95, 1),
(342, 8, '2025-12-26', 53, 10, 105, 1),
(343, 8, '2025-12-29', 58, 10, 115, 1),
(344, 8, '2025-12-30', 63, 10, 125, 1),
(345, 8, '2025-12-31', 68, 10, 135, 1),
(346, 8, '2026-01-01', 72, 9, 144, 1),
(347, 8, '2026-01-02', 76, 9, 153, 1),
(348, 8, '2026-01-05', 80, 7, 160, 1),
(349, 8, '2026-01-06', 83, 7, 167, 1),
(350, 8, '2026-01-07', 86, 6, 173, 1),
(351, 8, '2026-01-08', 89, 5, 178, 1),
(352, 8, '2026-01-09', 91, 4, 182, 1),
(353, 8, '2026-01-12', 93, 4, 186, 1),
(354, 8, '2026-01-13', 94, 3, 189, 1),
(355, 8, '2026-01-14', 96, 3, 192, 1),
(356, 8, '2026-01-15', 97, 2, 194, 1),
(357, 8, '2026-01-16', 98, 2, 196, 1),
(358, 8, '2026-01-19', 98, 1, 197, 1),
(359, 8, '2026-01-20', 99, 1, 198, 1),
(360, 8, '2026-01-21', 100, 1, 199, 1),
(361, 8, '2026-01-22', 100, 1, 200, 1),
(362, 8, '2026-01-23', 100, 0, 200, 1),
(363, 8, '2026-01-26', 100, 0, 200, 1),
(364, 8, '2026-01-27', 100, 0, 200, 1),
(365, 8, '2026-01-28', 100, 0, 200, 1),
(366, 8, '2026-01-29', 100, 0, 200, 1),
(367, 8, '2026-01-30', 100, 0, 200, 1),
(368, 9, '2025-12-01', 5, 30, 30, 1),
(369, 9, '2025-12-02', 5, 2, 32, 1),
(370, 9, '2025-12-03', 6, 3, 35, 1),
(371, 9, '2025-12-04', 7, 4, 39, 1),
(372, 9, '2025-12-05', 7, 4, 43, 1),
(373, 9, '2025-12-08', 8, 6, 49, 1),
(374, 9, '2025-12-09', 9, 6, 55, 1),
(375, 9, '2025-12-10', 11, 8, 63, 1),
(376, 9, '2025-12-11', 12, 9, 72, 1),
(377, 9, '2025-12-12', 14, 12, 84, 1),
(378, 9, '2025-12-15', 16, 13, 97, 1),
(379, 9, '2025-12-16', 19, 15, 112, 1),
(380, 9, '2025-12-17', 22, 18, 130, 1),
(381, 9, '2025-12-18', 25, 20, 150, 1),
(382, 9, '2025-12-19', 29, 22, 172, 1),
(383, 9, '2025-12-22', 33, 25, 197, 1),
(384, 9, '2025-12-23', 37, 28, 225, 1),
(385, 9, '2025-12-24', 42, 29, 254, 1),
(386, 9, '2025-12-25', 47, 30, 284, 1),
(387, 9, '2025-12-26', 53, 31, 315, 1),
(388, 9, '2025-12-29', 58, 31, 346, 1),
(389, 9, '2025-12-30', 63, 30, 376, 1),
(390, 9, '2025-12-31', 68, 29, 405, 1),
(391, 9, '2026-01-01', 72, 28, 433, 1),
(392, 9, '2026-01-02', 76, 25, 458, 1),
(393, 9, '2026-01-05', 80, 22, 480, 1),
(394, 9, '2026-01-06', 83, 20, 500, 1),
(395, 9, '2026-01-07', 86, 18, 518, 1),
(396, 9, '2026-01-08', 89, 15, 533, 1),
(397, 9, '2026-01-09', 91, 13, 546, 1),
(398, 9, '2026-01-12', 93, 12, 558, 1),
(399, 9, '2026-01-13', 94, 9, 567, 1),
(400, 9, '2026-01-14', 96, 8, 575, 1),
(401, 9, '2026-01-15', 97, 6, 581, 1),
(402, 9, '2026-01-16', 98, 6, 587, 1),
(403, 9, '2026-01-19', 98, 4, 591, 1),
(404, 9, '2026-01-20', 99, 4, 595, 1),
(405, 9, '2026-01-21', 100, 3, 598, 1),
(406, 9, '2026-01-22', 100, 2, 600, 1),
(407, 9, '2026-01-23', 100, 0, 600, 1),
(408, 9, '2026-01-26', 100, 0, 600, 1),
(409, 9, '2026-01-27', 100, 0, 600, 1),
(410, 9, '2026-01-28', 100, 0, 600, 1),
(411, 9, '2026-01-29', 100, 0, 600, 1),
(412, 9, '2026-01-30', 100, 0, 600, 1);

-- --------------------------------------------------------

--
-- Table structure for table `kurva_provinsi`
--

CREATE TABLE `kurva_provinsi` (
  `id_kurva_provinsi` int UNSIGNED NOT NULL,
  `id_kegiatan_detail_proses` int UNSIGNED NOT NULL,
  `tanggal_target` date NOT NULL,
  `target_persen_kumulatif` int UNSIGNED NOT NULL,
  `target_harian_absolut` int UNSIGNED NOT NULL,
  `target_kumulatif_absolut` int UNSIGNED NOT NULL,
  `is_hari_kerja` tinyint(1) NOT NULL
) ENGINE=InnoDB DEFAULT CHARSET=utf8mb4 COLLATE=utf8mb4_general_ci;

--
-- Dumping data for table `kurva_provinsi`
--

INSERT INTO `kurva_provinsi` (`id_kurva_provinsi`, `id_kegiatan_detail_proses`, `tanggal_target`, `target_persen_kumulatif`, `target_harian_absolut`, `target_kumulatif_absolut`, `is_hari_kerja`) VALUES
(1, 1, '2025-10-27', 5, 50, 50, 1),
(2, 1, '2025-10-28', 6, 10, 60, 1),
(3, 1, '2025-10-29', 7, 14, 74, 1),
(4, 1, '2025-10-30', 10, 22, 96, 1),
(5, 1, '2025-10-31', 13, 33, 129, 1),
(6, 1, '2025-11-03', 17, 46, 175, 1),
(7, 1, '2025-11-04', 24, 63, 238, 1),
(8, 1, '2025-11-05', 32, 81, 319, 1),
(9, 1, '2025-11-06', 42, 98, 417, 1),
(10, 1, '2025-11-07', 53, 108, 525, 1),
(11, 1, '2025-11-10', 63, 108, 633, 1),
(12, 1, '2025-11-11', 73, 98, 731, 1),
(13, 1, '2025-11-12', 81, 81, 812, 1),
(14, 1, '2025-11-13', 88, 63, 875, 1),
(15, 1, '2025-11-14', 92, 46, 921, 1),
(16, 1, '2025-11-17', 95, 33, 954, 1),
(17, 1, '2025-11-18', 98, 22, 976, 1),
(18, 1, '2025-11-19', 99, 14, 990, 1),
(19, 1, '2025-11-20', 100, 10, 1000, 1),
(20, 1, '2025-11-21', 100, 0, 1000, 1),
(21, 1, '2025-11-24', 100, 0, 1000, 1),
(22, 1, '2025-11-25', 100, 0, 1000, 1),
(64, 4, '2025-10-29', 5, 50, 50, 1),
(65, 4, '2025-10-30', 6, 9, 59, 1),
(66, 4, '2025-10-31', 7, 13, 72, 1),
(67, 4, '2025-11-03', 9, 20, 92, 1),
(68, 4, '2025-11-04', 12, 29, 121, 1),
(69, 4, '2025-11-05', 16, 40, 161, 1),
(70, 4, '2025-11-06', 22, 55, 216, 1),
(71, 4, '2025-11-07', 29, 71, 287, 1),
(72, 4, '2025-11-10', 37, 87, 374, 1),
(73, 4, '2025-11-11', 47, 99, 473, 1),
(74, 4, '2025-11-12', 58, 104, 577, 1),
(75, 4, '2025-11-13', 68, 99, 676, 1),
(76, 4, '2025-11-14', 76, 87, 763, 1),
(77, 4, '2025-11-17', 83, 71, 834, 1),
(78, 4, '2025-11-18', 89, 55, 889, 1),
(79, 4, '2025-11-19', 93, 40, 929, 1),
(80, 4, '2025-11-20', 96, 29, 958, 1),
(81, 4, '2025-11-21', 98, 20, 978, 1),
(82, 4, '2025-11-24', 99, 13, 991, 1),
(83, 4, '2025-11-25', 100, 9, 1000, 1),
(84, 4, '2025-11-26', 100, 0, 1000, 1),
(85, 4, '2025-11-27', 100, 0, 1000, 1),
(86, 4, '2025-11-28', 100, 0, 1000, 1),
(165, 7, '2025-12-04', 2, 200, 200, 1),
(166, 7, '2025-12-05', 3, 93, 293, 1),
(167, 7, '2025-12-08', 4, 139, 432, 1),
(168, 7, '2025-12-09', 6, 204, 636, 1),
(169, 7, '2025-12-10', 9, 294, 930, 1),
(170, 7, '2025-12-11', 13, 416, 1346, 1),
(171, 7, '2025-12-12', 19, 566, 1912, 1),
(172, 7, '2025-12-15', 26, 735, 2647, 1),
(173, 7, '2025-12-16', 35, 899, 3546, 1),
(174, 7, '2025-12-17', 46, 1021, 4567, 1),
(175, 7, '2025-12-18', 56, 1066, 5633, 1),
(176, 7, '2025-12-19', 67, 1021, 6654, 1),
(177, 7, '2025-12-22', 76, 899, 7553, 1),
(178, 7, '2025-12-23', 83, 735, 8288, 1),
(179, 7, '2025-12-24', 89, 566, 8854, 1),
(180, 7, '2025-12-25', 93, 416, 9270, 1),
(181, 7, '2025-12-26', 96, 294, 9564, 1),
(182, 7, '2025-12-29', 98, 204, 9768, 1),
(183, 7, '2025-12-30', 99, 139, 9907, 1),
(184, 7, '2025-12-31', 100, 93, 10000, 1),
(185, 7, '2026-01-01', 100, 0, 10000, 1),
(186, 7, '2026-01-02', 100, 0, 10000, 1),
(265, 8, '2025-12-04', 5, 500, 500, 1),
(266, 8, '2025-12-05', 6, 112, 612, 1),
(267, 8, '2025-12-08', 8, 178, 790, 1),
(268, 8, '2025-12-09', 11, 280, 1070, 1),
(269, 8, '2025-12-10', 15, 427, 1497, 1),
(270, 8, '2025-12-11', 21, 623, 2120, 1),
(271, 8, '2025-12-12', 30, 853, 2973, 1),
(272, 8, '2025-12-15', 40, 1070, 4043, 1),
(273, 8, '2025-12-16', 53, 1207, 5250, 1),
(274, 8, '2025-12-17', 65, 1207, 6457, 1),
(275, 8, '2025-12-18', 75, 1070, 7527, 1),
(276, 8, '2025-12-19', 84, 853, 8380, 1),
(277, 8, '2025-12-22', 90, 623, 9003, 1),
(278, 8, '2025-12-23', 94, 427, 9430, 1),
(279, 8, '2025-12-24', 97, 280, 9710, 1),
(280, 8, '2025-12-25', 99, 178, 9888, 1),
(281, 8, '2025-12-26', 100, 112, 10000, 1),
(282, 8, '2025-12-29', 100, 0, 10000, 1),
(283, 8, '2025-12-30', 100, 0, 10000, 1),
(284, 5, '2025-12-01', 5, 50, 50, 1),
(285, 5, '2025-12-02', 6, 10, 60, 1),
(286, 5, '2025-12-03', 7, 14, 74, 1),
(287, 5, '2025-12-04', 10, 22, 96, 1),
(288, 5, '2025-12-05', 13, 33, 129, 1),
(289, 5, '2025-12-08', 17, 46, 175, 1),
(290, 5, '2025-12-09', 24, 63, 238, 1),
(291, 5, '2025-12-10', 32, 81, 319, 1),
(292, 5, '2025-12-11', 42, 98, 417, 1),
(293, 5, '2025-12-12', 53, 108, 525, 1),
(294, 5, '2025-12-15', 63, 108, 633, 1),
(295, 5, '2025-12-16', 73, 98, 731, 1),
(296, 5, '2025-12-17', 81, 81, 812, 1),
(297, 5, '2025-12-18', 88, 63, 875, 1),
(298, 5, '2025-12-19', 92, 46, 921, 1),
(299, 5, '2025-12-22', 95, 33, 954, 1),
(300, 5, '2025-12-23', 98, 22, 976, 1),
(301, 5, '2025-12-24', 99, 14, 990, 1),
(302, 5, '2025-12-25', 100, 10, 1000, 1),
(303, 5, '2025-12-26', 100, 0, 1000, 1),
(304, 5, '2025-12-29', 100, 0, 1000, 1),
(305, 5, '2025-12-30', 100, 0, 1000, 1),
(306, 5, '2025-12-31', 100, 0, 1000, 1),
(307, 3, '2025-12-01', 5, 100, 100, 1),
(308, 3, '2025-12-02', 5, 8, 108, 1),
(309, 3, '2025-12-03', 6, 10, 118, 1),
(310, 3, '2025-12-04', 7, 12, 130, 1),
(311, 3, '2025-12-05', 7, 15, 145, 1),
(312, 3, '2025-12-08', 8, 18, 163, 1),
(313, 3, '2025-12-09', 9, 21, 184, 1),
(314, 3, '2025-12-10', 11, 26, 210, 1),
(315, 3, '2025-12-11', 12, 32, 242, 1),
(316, 3, '2025-12-12', 14, 37, 279, 1),
(317, 3, '2025-12-15', 16, 43, 322, 1),
(318, 3, '2025-12-16', 19, 51, 373, 1),
(319, 3, '2025-12-17', 22, 59, 432, 1),
(320, 3, '2025-12-18', 25, 67, 499, 1),
(321, 3, '2025-12-19', 29, 75, 574, 1),
(322, 3, '2025-12-22', 33, 84, 658, 1),
(323, 3, '2025-12-23', 37, 91, 749, 1),
(324, 3, '2025-12-24', 42, 97, 846, 1),
(325, 3, '2025-12-25', 47, 101, 947, 1),
(326, 3, '2025-12-26', 53, 103, 1050, 1),
(327, 3, '2025-12-29', 58, 103, 1153, 1),
(328, 3, '2025-12-30', 63, 101, 1254, 1),
(329, 3, '2025-12-31', 68, 97, 1351, 1),
(330, 3, '2026-01-01', 72, 91, 1442, 1),
(331, 3, '2026-01-02', 76, 84, 1526, 1),
(332, 3, '2026-01-05', 80, 75, 1601, 1),
(333, 3, '2026-01-06', 83, 67, 1668, 1),
(334, 3, '2026-01-07', 86, 59, 1727, 1),
(335, 3, '2026-01-08', 89, 51, 1778, 1),
(336, 3, '2026-01-09', 91, 43, 1821, 1),
(337, 3, '2026-01-12', 93, 37, 1858, 1),
(338, 3, '2026-01-13', 94, 32, 1890, 1),
(339, 3, '2026-01-14', 96, 26, 1916, 1),
(340, 3, '2026-01-15', 97, 21, 1937, 1),
(341, 3, '2026-01-16', 98, 18, 1955, 1),
(342, 3, '2026-01-19', 98, 15, 1970, 1),
(343, 3, '2026-01-20', 99, 12, 1982, 1),
(344, 3, '2026-01-21', 100, 10, 1992, 1),
(345, 3, '2026-01-22', 100, 8, 2000, 1),
(346, 3, '2026-01-23', 100, 0, 2000, 1),
(347, 3, '2026-01-26', 100, 0, 2000, 1),
(348, 3, '2026-01-27', 100, 0, 2000, 1),
(349, 3, '2026-01-28', 100, 0, 2000, 1),
(350, 3, '2026-01-29', 100, 0, 2000, 1),
(351, 3, '2026-01-30', 100, 0, 2000, 1);

-- --------------------------------------------------------

--
-- Table structure for table `master_desa`
--

CREATE TABLE `master_desa` (
  `id_desa` int UNSIGNED NOT NULL,
  `id_kecamatan` int UNSIGNED NOT NULL,
  `nama_desa` varchar(255) COLLATE utf8mb4_general_ci NOT NULL
) ENGINE=InnoDB DEFAULT CHARSET=utf8mb4 COLLATE=utf8mb4_general_ci;

--
-- Dumping data for table `master_desa`
--

INSERT INTO `master_desa` (`id_desa`, `id_kecamatan`, `nama_desa`) VALUES
(1401010005, 1401010, 'PANTAI\r'),
(1401010006, 1401010, 'AIR BULUH\r'),
(1401010007, 1401010, 'LUBUK RAMO\r'),
(1401010008, 1401010, 'KOTO CENGAR\r'),
(1401010009, 1401010, 'SEBERANG CENGAR\r'),
(1401010010, 1401010, 'SANGAU\r'),
(1401010011, 1401010, 'BANJAR PADANG\r'),
(1401010012, 1401010, 'LUBUK JAMBI\r'),
(1401010013, 1401010, 'KOTO LUBUK JAMBI\r'),
(1401010014, 1401010, 'KASANG\r'),
(1401010016, 1401010, 'AUR DURI\r'),
(1401010017, 1401010, 'BUKIT KAUMAN\r'),
(1401010018, 1401010, 'SUNGAI MANAU\r'),
(1401010028, 1401010, 'SAIK\r'),
(1401010029, 1401010, 'PEBAUN HULU\r'),
(1401010030, 1401010, 'PEBAUN HILIR\r'),
(1401010031, 1401010, 'KINALI\r'),
(1401010032, 1401010, 'PULAU BINJAI\r'),
(1401010033, 1401010, 'SEBERANG PANTAI\r'),
(1401010034, 1401010, 'LUAI\r'),
(1401010035, 1401010, 'RANTAU SIALANG\r'),
(1401010036, 1401010, 'BANJAR GUNTUNG\r'),
(1401010038, 1401010, 'BUKIT PEDUSUNAN\r'),
(1401010041, 1401010, 'MUARO TOMBANG\r'),
(1401011001, 1401011, 'SUNGAI KELELAWAR\r'),
(1401011002, 1401011, 'SUNGAI ALAH\r'),
(1401011003, 1401011, 'LUBUK AMBACANG\r'),
(1401011004, 1401011, 'KOTO KOMBU\r'),
(1401011005, 1401011, 'SUMPU\r'),
(1401011006, 1401011, 'INUMAN\r'),
(1401011007, 1401011, 'TANJUNG MEDANG\r'),
(1401011008, 1401011, 'MUDIK ULO\r'),
(1401011009, 1401011, 'SUNGAI PINANG\r'),
(1401011010, 1401011, 'TANJUNG\r'),
(1401011011, 1401011, 'SEROSAH\r'),
(1401011012, 1401011, 'SAMPURAGO\r'),
(1401012001, 1401012, 'PULAU RUMPUT\r'),
(1401012002, 1401012, 'KOTO GUNUNG\r'),
(1401012003, 1401012, 'TELUK BERINGIN\r'),
(1401012004, 1401012, 'PULAU MUNGKUR\r'),
(1401012005, 1401012, 'SEBERANG GUNUNG\r'),
(1401012006, 1401012, 'TEBERAU PANJANG\r'),
(1401012007, 1401012, 'GUNUNG\r'),
(1401012008, 1401012, 'TOAR\r'),
(1401012009, 1401012, 'KAMPUNG BARU\r'),
(1401012010, 1401012, 'PETAPAHAN\r'),
(1401012011, 1401012, 'LUBUK TERANTANG\r'),
(1401012012, 1401012, 'SIBEROBAH\r'),
(1401012013, 1401012, 'PISANG BEREBUS\r'),
(1401012014, 1401012, 'SEBERANG SUNGAI\r'),
(1401013001, 1401013, 'PERHENTIAN SUNGKAI\r'),
(1401013002, 1401013, 'SUNGAI BESAR\r'),
(1401013003, 1401013, 'SUNGAI BESAR HILIR\r'),
(1401013004, 1401013, 'IBUL\r'),
(1401013005, 1401013, 'KAMPUNG BARU IBUL\r'),
(1401013006, 1401013, 'PANGKALAN\r'),
(1401013007, 1401013, 'MUARO TOBEK\r'),
(1401013008, 1401013, 'MUARO TIU MAKMUR\r'),
(1401013009, 1401013, 'MUARA PETAI\r'),
(1401013010, 1401013, 'SETIANG\r'),
(1401020001, 1401020, 'PANGKALAN INDARUNG\r'),
(1401020002, 1401020, 'PULAU PADANG\r'),
(1401020003, 1401020, 'MUARA LEMBU\r'),
(1401020004, 1401020, 'LOGAS\r'),
(1401020005, 1401020, 'SUNGAI BAWANG\r'),
(1401020006, 1401020, 'AIR MAS\r'),
(1401020007, 1401020, 'SUMBER DATAR\r'),
(1401020008, 1401020, 'SUNGAI KERANJI\r'),
(1401020009, 1401020, 'PASIR EMAS\r'),
(1401020010, 1401020, 'SUNGAI SIRIH\r'),
(1401020011, 1401020, 'KEBUN LADO\r'),
(1401020013, 1401020, 'SUNGAI KUNING\r'),
(1401020014, 1401020, 'PETAI BARU\r'),
(1401020015, 1401020, 'LOGAS HILIR\r'),
(1401021001, 1401021, 'PETAI\r'),
(1401021002, 1401021, 'SUNGAI BULUH\r'),
(1401021003, 1401021, 'SIMPANG RAYA\r'),
(1401021004, 1401021, 'KOTO BARU\r'),
(1401021005, 1401021, 'SUMBER JAYA\r'),
(1401021006, 1401021, 'SUKA DAMAI\r'),
(1401021007, 1401021, 'MUARA BAHAN\r'),
(1401021008, 1401021, 'BUKIT RAYA\r'),
(1401021009, 1401021, 'BERINGIN JAYA\r'),
(1401021010, 1401021, 'SUKAMAJU\r'),
(1401021011, 1401021, 'SUNGAI PAKU\r'),
(1401021012, 1401021, 'TANJUNG PAUH\r'),
(1401030001, 1401030, 'BANDAR ALAI\r'),
(1401030002, 1401030, 'PULAU KEDUNDUNG\r'),
(1401030003, 1401030, 'PULAU ARO\r'),
(1401030004, 1401030, 'SEBERANG TALUK\r'),
(1401030005, 1401030, 'PULAU BARU\r'),
(1401030006, 1401030, 'KOTO TUO\r'),
(1401030007, 1401030, 'KOPAH\r'),
(1401030008, 1401030, 'JAYA\r'),
(1401030009, 1401030, 'MUNSALO\r'),
(1401030015, 1401030, 'BERINGIN TALUK\r'),
(1401030016, 1401030, 'SAWAH\r'),
(1401030017, 1401030, 'PASAR TALUK\r'),
(1401030018, 1401030, 'KOTO TALUK\r'),
(1401030019, 1401030, 'SIMPANG TIGA\r'),
(1401030020, 1401030, 'PULAU GODANG\r'),
(1401030021, 1401030, 'KOTO KARI\r'),
(1401030022, 1401030, 'PINTU GOBANG\r'),
(1401030023, 1401030, 'JAKE\r'),
(1401030024, 1401030, 'SITORAJO\r'),
(1401030025, 1401030, 'SEBERANG TELUK HILIR\r'),
(1401030026, 1401030, 'SUNGAI JERING\r'),
(1401030027, 1401030, 'TITIAN MODANG KOPAH\r'),
(1401030028, 1401030, 'PULAU BANJAR KARI\r'),
(1401031001, 1401031, 'PULAU KOPUNG\r'),
(1401031002, 1401031, 'KAMPUNG BARU SENTAJO\r'),
(1401031003, 1401031, 'KOTO SENTAJO\r'),
(1401031004, 1401031, 'MUARO SENTAJO\r'),
(1401031005, 1401031, 'PULAU KOMANG\r'),
(1401031006, 1401031, 'BERINGIN JAYA\r'),
(1401031007, 1401031, 'JALUR PATAH\r'),
(1401031008, 1401031, 'TERATAK AIR HITAM\r'),
(1401031009, 1401031, 'PARIT TERATAK AIR HITAM\r'),
(1401031010, 1401031, 'SEBERANG TERATAK AIR HITAM\r'),
(1401031011, 1401031, 'GERINGGING BARU\r'),
(1401031012, 1401031, 'MARSAWA\r'),
(1401031013, 1401031, 'LANGSAT HULU\r'),
(1401031014, 1401031, 'MUARA LANGSAT\r'),
(1401031015, 1401031, 'GERINGGING JAYA\r'),
(1401040001, 1401040, 'KOTO BENAI\r'),
(1401040002, 1401040, 'TALONTAM\r'),
(1401040003, 1401040, 'BANJAR BENAI\r'),
(1401040004, 1401040, 'GUNUNG KESIANGAN\r'),
(1401040005, 1401040, 'BANJAR LOPAK\r'),
(1401040006, 1401040, 'PULAU KALIMANTING\r'),
(1401040007, 1401040, 'TANJUNG\r'),
(1401040008, 1401040, 'PULAU INGU\r'),
(1401040009, 1401040, 'SIMANDOLAK\r'),
(1401040012, 1401040, 'TEBING TINGGI\r'),
(1401040013, 1401040, 'PULAU LANCANG\r'),
(1401040014, 1401040, 'PULAU TONGAH\r'),
(1401040015, 1401040, 'UJUNG TANJUNG\r'),
(1401040016, 1401040, 'SIBERAKUN\r'),
(1401040017, 1401040, 'BENAI\r'),
(1401040018, 1401040, 'BENAI KECIL\r'),
(1401050020, 1401050, 'PULAU KIJANG\r'),
(1401050021, 1401050, 'BANUARAN\r'),
(1401050022, 1401050, 'KOTO TUO\r'),
(1401050023, 1401050, 'PASAR USANG BASERAH\r'),
(1401050024, 1401050, 'PULAU MADINAH\r'),
(1401050025, 1401050, 'KAMPUNG TENGAH\r'),
(1401050026, 1401050, 'KEPALA PULAU\r'),
(1401050035, 1401050, 'KAMPUNG MEDAN\r'),
(1401050036, 1401050, 'PASAR BARU BASERAH\r'),
(1401050037, 1401050, 'SIMPANG TANAH LAPANG\r'),
(1401050038, 1401050, 'KAMPUNG MADURA\r'),
(1401050039, 1401050, 'RAWANG BONTO\r'),
(1401050040, 1401050, 'DUSUN TUO\r'),
(1401050041, 1401050, 'GUNUNG MELINTANG\r'),
(1401050042, 1401050, 'TERATAK BARU\r'),
(1401050043, 1401050, 'SIMPANG PULAU BERALO\r'),
(1401051001, 1401051, 'PEMBATANG\r'),
(1401051002, 1401051, 'PADANG KUNIK\r'),
(1401051003, 1401051, 'PADANG TANGGUNG\r'),
(1401051004, 1401051, 'TELUK PAUH\r'),
(1401051005, 1401051, 'TANAH BEKALI\r'),
(1401051006, 1401051, 'PULAU DERAS\r'),
(1401051007, 1401051, 'PULAU KUMPAI\r'),
(1401051008, 1401051, 'PULAU TENGAH\r'),
(1401051009, 1401051, 'KOTO PANGEAN\r'),
(1401051010, 1401051, 'SUKAPING\r'),
(1401051011, 1401051, 'PULAU RENGAS\r'),
(1401051012, 1401051, 'PAUH ANGIT\r'),
(1401051013, 1401051, 'RAWANG BINJAI\r'),
(1401051014, 1401051, 'PASAR BARU PANGEAN\r'),
(1401051015, 1401051, 'PAUH ANGIT HULU\r'),
(1401051016, 1401051, 'SAKO\r'),
(1401051017, 1401051, 'SUNGAI LANGSAT\r'),
(1401052001, 1401052, 'SIKIJANG\r'),
(1401052002, 1401052, 'TERATAK RENDAH\r'),
(1401052003, 1401052, 'PERHENTIAN LUAS\r'),
(1401052004, 1401052, 'LOGAS\r'),
(1401052005, 1401052, 'SUNGAI RAMBAI\r'),
(1401052006, 1401052, 'RAMBAHAN\r'),
(1401052007, 1401052, 'LUBUK KEBUN\r'),
(1401052008, 1401052, 'SITUGAL\r'),
(1401052009, 1401052, 'HULU TESO\r'),
(1401052010, 1401052, 'SUKARAJA\r'),
(1401052011, 1401052, 'SAKO MARGASARI\r'),
(1401052012, 1401052, 'GIRI SAKO\r'),
(1401052013, 1401052, 'KUANTAN SAKO\r'),
(1401052014, 1401052, 'SIDODADI\r'),
(1401052015, 1401052, 'BUMI MULYA\r'),
(1401053001, 1401053, 'TANJUNG PISANG\r'),
(1401053002, 1401053, 'PENGALIAN\r'),
(1401053003, 1401053, 'KASANG LIMAU SUNDAI\r'),
(1401053004, 1401053, 'TERATAK JERING\r'),
(1401053005, 1401053, 'KOTO RAJO\r'),
(1401053006, 1401053, 'DANAU\r'),
(1401053007, 1401053, 'LUMBOK\r'),
(1401053008, 1401053, 'PELUKAHAN\r'),
(1401053009, 1401053, 'PULAU BARU\r'),
(1401053010, 1401053, 'TANJUNG\r'),
(1401053011, 1401053, 'SUNGAI SERIK\r'),
(1401053012, 1401053, 'RAWANG OGUANG\r'),
(1401053013, 1401053, 'PULAU KULUR\r'),
(1401053014, 1401053, 'PULAU BERALO\r'),
(1401060003, 1401060, 'SIKAKAK\r'),
(1401060004, 1401060, 'PULAU JAMBU\r'),
(1401060005, 1401060, 'PULAU BAYUR\r'),
(1401060006, 1401060, 'PULAU PANJANG CERENTI\r'),
(1401060007, 1401060, 'TELUK PAUH\r'),
(1401060008, 1401060, 'PESIKAIAN\r'),
(1401060009, 1401060, 'KOTO CERENTI\r'),
(1401060010, 1401060, 'KOTO PERAKU\r'),
(1401060011, 1401060, 'PASAR CERENTI\r'),
(1401060012, 1401060, 'KAMPUNG BARU\r'),
(1401060013, 1401060, 'KOMPE BERANGIN\r'),
(1401060014, 1401060, 'TANJUNG MEDAN\r'),
(1401060015, 1401060, 'KAMPUNG BARU TIMUR\r'),
(1401061001, 1401061, 'PULAU PANJANG HULU\r'),
(1401061002, 1401061, 'PULAU  PANJANG HILIR\r'),
(1401061003, 1401061, 'BEDENG SIKURAN\r'),
(1401061004, 1401061, 'BANJAR NANTIGO\r'),
(1401061005, 1401061, 'PASAR INUMAN\r'),
(1401061006, 1401061, 'PULAU SIPAN\r'),
(1401061007, 1401061, 'PULAU BUSUK\r'),
(1401061008, 1401061, 'KOTO INUMAN\r'),
(1401061009, 1401061, 'SIGARUNTANG\r'),
(1401061010, 1401061, 'PULAU BUSUK JAYA\r'),
(1401061011, 1401061, 'SEBERANG PULAU BUSUK\r'),
(1401061012, 1401061, 'KETAPING JAYA\r'),
(1401061013, 1401061, 'LEBUH LURUS\r'),
(1401061014, 1401061, 'KAMPUNG BARU KOTO\r'),
(1402010006, 1402010, 'SEMELINANG TEBING\r'),
(1402010007, 1402010, 'PAUH RANAP\r'),
(1402010010, 1402010, 'BATURIJAL HULU\r'),
(1402010011, 1402010, 'BATURIJAL HILIR\r'),
(1402010012, 1402010, 'PERANAP\r'),
(1402010013, 1402010, 'GUMANTI\r'),
(1402010014, 1402010, 'SEMELINANG DARAT\r'),
(1402010015, 1402010, 'PANDAN WANGI\r'),
(1402010016, 1402010, 'SERAI WANGI\r'),
(1402010017, 1402010, 'KATIPO PURA\r'),
(1402010018, 1402010, 'SETAKO RAYA\r'),
(1402010019, 1402010, 'BATURIJAL BARAT\r'),
(1402011001, 1402011, 'PUNTI KAYU\r'),
(1402011002, 1402011, 'PEMATANG\r'),
(1402011003, 1402011, 'PESAJIAN\r'),
(1402011004, 1402011, 'SELUNAK\r'),
(1402011005, 1402011, 'PEMATANG BENTENG\r'),
(1402011006, 1402011, 'SUKA MAJU\r'),
(1402011007, 1402011, 'SENCANO JAYA\r'),
(1402011008, 1402011, 'SUNGAI AUR\r'),
(1402011009, 1402011, 'PELADANGAN\r'),
(1402011010, 1402011, 'KOTO TUO\r'),
(1402020026, 1402020, 'BUKIT MERANTI\r'),
(1402020027, 1402020, 'PAYA RUMBAI\r'),
(1402020028, 1402020, 'KELESA\r'),
(1402020030, 1402020, 'BELIGAN\r'),
(1402020031, 1402020, 'SERESAM\r'),
(1402020032, 1402020, 'PETALA BUMI\r'),
(1402020033, 1402020, 'TITIAN RESAK\r'),
(1402020034, 1402020, 'SIBABAT\r'),
(1402020035, 1402020, 'PANGKALAN KASAI\r'),
(1402020036, 1402020, 'BULUH RAMPAI\r'),
(1402020037, 1402020, 'BANDAR PADANG\r'),
(1402021001, 1402021, 'TALANG BERSEMI\r'),
(1402021002, 1402021, 'TALANG MULYA\r'),
(1402021003, 1402021, 'ANAK TALANG\r'),
(1402021004, 1402021, 'CENAKU KECIL\r'),
(1402021005, 1402021, 'ALIM\r'),
(1402021006, 1402021, 'PUNTIANAI\r'),
(1402021007, 1402021, 'PEMATANG MANGGIS\r'),
(1402021008, 1402021, 'KERUBUNG JAYA\r'),
(1402021009, 1402021, 'PETALING JAYA\r'),
(1402021010, 1402021, 'AUR CINA\r'),
(1402021011, 1402021, 'BUKIT LINGKAR\r'),
(1402021012, 1402021, 'BUKIT LIPAI\r'),
(1402021014, 1402021, 'KUALA GADING\r'),
(1402021015, 1402021, 'KUALA KILAN\r'),
(1402021016, 1402021, 'SIPANG\r'),
(1402021017, 1402021, 'PEJANGKI\r'),
(1402021018, 1402021, 'LAHAI KEMUNING\r'),
(1402021019, 1402021, 'KEPAYANG SARI\r'),
(1402021020, 1402021, 'BATU PAPAN\r'),
(1402021021, 1402021, 'SANGLAP\r'),
(1402022001, 1402022, 'SIAMBUL\r'),
(1402022002, 1402022, 'RANTAU LANGSAT\r'),
(1402022003, 1402022, 'SUNGAI AKAR\r'),
(1402022004, 1402022, 'USUL\r'),
(1402022005, 1402022, 'SEBERIDA\r'),
(1402022006, 1402022, 'TALANG LAKAT\r'),
(1402022007, 1402022, 'BELIMBING\r'),
(1402022008, 1402022, 'RINGIN\r'),
(1402022009, 1402022, 'PANYAGUAN\r'),
(1402022010, 1402022, 'DANAU RAMBAI\r'),
(1402030015, 1402030, 'PULAU SENGKILO\r'),
(1402030016, 1402030, 'KOTA MEDAN\r'),
(1402030017, 1402030, 'POLAK PISANG\r'),
(1402030018, 1402030, 'SIMPANG KOTA MEDAN\r'),
(1402030019, 1402030, 'TANJUNG BELUDU\r'),
(1402030020, 1402030, 'PELANGKO\r'),
(1402030021, 1402030, 'SIMPANG KELAYANG\r'),
(1402030022, 1402030, 'TELUK SEJUAH\r'),
(1402030023, 1402030, 'DUSUN TUA\r'),
(1402030024, 1402030, 'BONGKAL MALANG\r'),
(1402030025, 1402030, 'SUNGAI BANYAK IKAN\r'),
(1402030026, 1402030, 'SUNGAI PASIR PUTIH\r'),
(1402030027, 1402030, 'SUNGAI GOLANG\r'),
(1402030028, 1402030, 'SUNGAI KUNING BENIO\r'),
(1402030029, 1402030, 'PASIR BERINGIN\r'),
(1402030030, 1402030, 'BUKIT SELANJUT\r'),
(1402030031, 1402030, 'DUSUN TUA PELANG\r'),
(1402031001, 1402031, 'KOTA BARU\r'),
(1402031002, 1402031, 'RIMBA SEMINAI\r'),
(1402031003, 1402031, 'KUANTAN TENANG\r'),
(1402031004, 1402031, 'KELAYANG\r'),
(1402031005, 1402031, 'LUBUK SITARAK\r'),
(1402031006, 1402031, 'PETONGGAN\r'),
(1402031007, 1402031, 'BATU SAWAR\r'),
(1402031008, 1402031, 'TALANG SUNGAI PARIT\r'),
(1402031009, 1402031, 'TALANG SELANTAI\r'),
(1402031010, 1402031, 'TALANG PERIGI\r'),
(1402031011, 1402031, 'TALANG GEDABU\r'),
(1402031012, 1402031, 'TALANG SUNGAI LIMAU\r'),
(1402031013, 1402031, 'TALANG DURIAN CACAR\r'),
(1402031014, 1402031, 'TALANG TUJUH BUAH TANGGA\r'),
(1402031015, 1402031, 'BUKIT INDAH\r'),
(1402031016, 1402031, 'KAMPUNG BUNGA\r'),
(1402031017, 1402031, 'TALANG PRING JAYA\r'),
(1402031018, 1402031, 'TALANG SUNGAI EKOK\r'),
(1402031019, 1402031, 'TALANG SUKA MAJU\r'),
(1402040008, 1402040, 'PASIR KERANJI\r'),
(1402040009, 1402040, 'AIR MOLEK I\r'),
(1402040010, 1402040, 'CANDIREJO\r'),
(1402040011, 1402040, 'AIR MOLEK II\r'),
(1402040012, 1402040, 'LEMBAH DUSUN GADING\r'),
(1402040013, 1402040, 'PETALONGAN\r'),
(1402040018, 1402040, 'KEMBANG HARUM\r'),
(1402040019, 1402040, 'BATU GAJAH\r'),
(1402040020, 1402040, 'JATIREJO\r'),
(1402040021, 1402040, 'SERUMPUN JAYA\r'),
(1402040022, 1402040, 'TANJUNG GADING\r'),
(1402040023, 1402040, 'SEKAR MAWAR\r'),
(1402040024, 1402040, 'TANAH MERAH\r'),
(1402041001, 1402041, 'JAPURA\r'),
(1402041002, 1402041, 'SIDOMULYO\r'),
(1402041003, 1402041, 'PASIR RINGGIT\r'),
(1402041004, 1402041, 'GUDANG BATU\r'),
(1402041005, 1402041, 'SUNGAI SAGU\r'),
(1402041006, 1402041, 'LIRIK AREA\r'),
(1402041007, 1402041, 'REJOSARI\r'),
(1402041008, 1402041, 'LAMBANG SARI V\r'),
(1402041009, 1402041, 'LAMBANG SARI IV\r'),
(1402041010, 1402041, 'LAMBANG SARI I, II, III\r'),
(1402041011, 1402041, 'WONOSARI\r'),
(1402041012, 1402041, 'SEKO LUBUK TIGO\r'),
(1402041013, 1402041, 'BANJAR BALAM\r'),
(1402041014, 1402041, 'REDANG SEKO\r'),
(1402041015, 1402041, 'SUKAJADI\r'),
(1402041016, 1402041, 'MEKAR SARI\r'),
(1402041017, 1402041, 'PASIR SIALANG JAYA\r'),
(1402042001, 1402042, 'KELAWAT\r'),
(1402042002, 1402042, 'PERKEBUNAN  SUNGAI LALA\r'),
(1402042003, 1402042, 'KUALA LALA\r'),
(1402042004, 1402042, 'PASIR BATU MANDI\r'),
(1402042005, 1402042, 'PASIR SELABAU\r'),
(1402042006, 1402042, 'PASIR BONGKAL\r'),
(1402042007, 1402042, 'PERKEBUNAN SUNGAI PARIT\r'),
(1402042008, 1402042, 'MORONG\r'),
(1402042009, 1402042, 'SUNGAI LALA\r'),
(1402042010, 1402042, 'PASIR KELAMPAIAN\r'),
(1402042011, 1402042, 'TANJUNG DANAU\r'),
(1402042012, 1402042, 'SUNGAI AIR PUTIH\r'),
(1402043001, 1402043, 'SEI BERAS-BERAS\r'),
(1402043002, 1402043, 'SEI BEBERAS HILIR\r'),
(1402043003, 1402043, 'PONDOK GELUGUR\r'),
(1402043004, 1402043, 'RIMPIAN\r'),
(1402043005, 1402043, 'LUBUK BATU TINGGAL\r'),
(1402043027, 1402043, 'KULIM JAYA\r'),
(1402043029, 1402043, 'TASIK JUANG\r'),
(1402043030, 1402043, 'PONTIAN MEKAR\r'),
(1402043031, 1402043, 'AIR PUTIH\r'),
(1402050001, 1402050, 'BARANGAN\r'),
(1402050002, 1402050, 'ALANG KEPAYANG\r'),
(1402050003, 1402050, 'DANAU BARU\r'),
(1402050004, 1402050, 'REDANG\r'),
(1402050005, 1402050, 'KOTA LAMA\r'),
(1402050006, 1402050, 'SUNGAI DAWU\r'),
(1402050007, 1402050, 'PEMATANG JAYA\r'),
(1402050008, 1402050, 'BUKIT PETALING\r'),
(1402050009, 1402050, 'TANAH DATAR\r'),
(1402050010, 1402050, 'TALANG JERINJING\r'),
(1402050011, 1402050, 'PEMATANG REBA\r'),
(1402050012, 1402050, 'PEKAN HERAN\r'),
(1402050013, 1402050, 'RANTAU BAKUNG\r'),
(1402050014, 1402050, 'SIALANG DUA DAHAN\r'),
(1402050015, 1402050, 'TANI MAKMUR\r'),
(1402050016, 1402050, 'SUNGAI BAUNG\r'),
(1402050017, 1402050, 'AIR JERNIH\r'),
(1402050018, 1402050, 'DANAU TIGA\r'),
(1402060001, 1402060, 'SUNGAI GUNTUNG TENGAH\r'),
(1402060002, 1402060, 'SUNGAI GUNTUNG HILIR\r'),
(1402060003, 1402060, 'KUANTAN BABU\r'),
(1402060004, 1402060, 'KAMPUNG DAGANG\r'),
(1402060005, 1402060, 'KAMPUNG PULAU\r'),
(1402060006, 1402060, 'KAMPUNG BESAR KOTA\r'),
(1402060007, 1402060, 'PASAR KOTA\r'),
(1402060008, 1402060, 'SEKIP HULU\r'),
(1402060009, 1402060, 'SEKIP HILIR\r'),
(1402060010, 1402060, 'KAMPUNG BESAR SEBERANG\r'),
(1402060011, 1402060, 'RANTAU MAPESAI\r'),
(1402060012, 1402060, 'PASIR KEMILU\r'),
(1402060013, 1402060, 'SUNGAI BERINGIN\r'),
(1402060014, 1402060, 'PULAU GAJAH\r'),
(1402060015, 1402060, 'SUNGAI RAYA\r'),
(1402060016, 1402060, 'RAWA BANGUN\r'),
(1402061001, 1402061, 'KUALA CENAKU\r'),
(1402061002, 1402061, 'TAMBAK\r'),
(1402061003, 1402061, 'PULAU GELANG\r'),
(1402061004, 1402061, 'KUALA MULYA\r'),
(1402061005, 1402061, 'TANJUNG SARI\r'),
(1402061006, 1402061, 'RAWA SEKIP\r'),
(1402061007, 1402061, 'RAWA ASRI\r'),
(1402061008, 1402061, 'PULAU JUM AT\r'),
(1402061009, 1402061, 'SUKA JADI\r'),
(1402061010, 1402061, 'TELUK SUNGKAI\r'),
(1403010001, 1403010, 'KOTABARU RETEH\r'),
(1403010002, 1403010, 'SEBERANG PEBENAAN\r'),
(1403010003, 1403010, 'PEBENAAN\r'),
(1403010004, 1403010, 'NUSANTARA JAYA\r'),
(1403010005, 1403010, 'KEMBANG MEKAR SARI\r'),
(1403010006, 1403010, 'KOTABARU SEBERIDA\r'),
(1403010007, 1403010, 'PASAR KEMBANG\r'),
(1403010008, 1403010, 'KUALA KERITANG\r'),
(1403010009, 1403010, 'KUALA LEMANG\r'),
(1403010010, 1403010, 'TELUK KELASA\r'),
(1403010011, 1403010, 'PENGALIHAN\r'),
(1403010012, 1403010, 'PANCUR\r'),
(1403010013, 1403010, 'SENCALANG\r'),
(1403010014, 1403010, 'KAYU RAJA\r'),
(1403010015, 1403010, 'LINTAS UTARA\r'),
(1403010016, 1403010, 'NYIUR PERMAI\r'),
(1403010017, 1403010, 'PETALONGAN\r'),
(1403011001, 1403011, 'SELENSEN\r'),
(1403011002, 1403011, 'BATU AMPAR\r'),
(1403011003, 1403011, 'KERITANG\r'),
(1403011004, 1403011, 'AIR BALUI\r'),
(1403011005, 1403011, 'TUK JIMUN\r'),
(1403011006, 1403011, 'KEMUNING MUDA\r'),
(1403011007, 1403011, 'KEMUNING TUA\r'),
(1403011008, 1403011, 'SEKARA\r'),
(1403011009, 1403011, 'LIMAU MANIS\r'),
(1403011010, 1403011, 'TALANG JANGKANG\r'),
(1403011011, 1403011, 'LUBUK BESAR\r'),
(1403011012, 1403011, 'SEKAYAN\r'),
(1403020001, 1403020, 'SANGLAR\r'),
(1403020002, 1403020, 'PULAU KECIL\r'),
(1403020003, 1403020, 'PULAU KIJANG\r'),
(1403020004, 1403020, 'SUNGAI UNDAN\r'),
(1403020005, 1403020, 'SUNGAI TERAB\r'),
(1403020010, 1403020, 'SEBERANG SANGLAR\r'),
(1403020011, 1403020, 'MEKAR SARI\r'),
(1403020012, 1403020, 'SEBERANG PULAU KIJANG\r'),
(1403020013, 1403020, 'SUNGAI ASAM\r'),
(1403020014, 1403020, 'PULAU RUKU\r'),
(1403020015, 1403020, 'METRO\r'),
(1403020016, 1403020, 'MADANI\r'),
(1403020017, 1403020, 'TANJUNG LABUH\r'),
(1403020018, 1403020, 'SUNGAI MAHANG\r'),
(1403021001, 1403021, 'KUALA PATAH PARANG\r'),
(1403021002, 1403021, 'KUALA SUNGAI BATANG\r'),
(1403021003, 1403021, 'PASENGGERAHAN\r'),
(1403021004, 1403021, 'BENTENG\r'),
(1403021005, 1403021, 'BENTENG BARAT\r'),
(1403021006, 1403021, 'BENTENG UTARA\r'),
(1403021007, 1403021, 'PANDAN SARI\r'),
(1403021008, 1403021, 'MUGO MULYO\r'),
(1403030001, 1403030, 'BAGAN JAYA\r'),
(1403030002, 1403030, 'SUHADA\r'),
(1403030003, 1403030, 'SUNGAI RUKAM\r'),
(1403030004, 1403030, 'PENGALIHAN\r'),
(1403030005, 1403030, 'SUNGAI AMBAT\r'),
(1403030006, 1403030, 'PUSARAN\r'),
(1403030007, 1403030, 'ENOK\r'),
(1403030008, 1403030, 'TELUK MEDAN\r'),
(1403030009, 1403030, 'RANTAU PANJANG\r'),
(1403030010, 1403030, 'SIMPANG TIGA\r'),
(1403030011, 1403030, 'JAYA BHAKTI\r'),
(1403030012, 1403030, 'SUNGAI LOKAN\r'),
(1403030013, 1403030, 'PANTAI SEBERANG MAKMUR\r'),
(1403030014, 1403030, 'SIMPANG TIGA DARATAN\r'),
(1403040001, 1403040, 'SUNGAI NYIUR\r'),
(1403040002, 1403040, 'SELAT NAMA\r'),
(1403040003, 1403040, 'KUALA ENOK\r'),
(1403040004, 1403040, 'SUNGAI LAUT\r'),
(1403040005, 1403040, 'TANJUNG PASIR\r'),
(1403040006, 1403040, 'TANAH MERAH\r'),
(1403040007, 1403040, 'TANJUNG BARU\r'),
(1403040008, 1403040, 'TEKULAI HULU\r'),
(1403040009, 1403040, 'TEKULAI HILIR\r'),
(1403040010, 1403040, 'TEKULAI BUGIS\r'),
(1403050001, 1403050, 'TANJUNG LAJAU\r'),
(1403050002, 1403050, 'SUNGAI BULUH\r'),
(1403050003, 1403050, 'SUNGAI BELA\r'),
(1403050008, 1403050, 'PERIGI RAJA\r'),
(1403050009, 1403050, 'SAPAT\r'),
(1403050010, 1403050, 'TELUK DALAM\r'),
(1403050011, 1403050, 'SUNGAI PIYAI\r'),
(1403050012, 1403050, 'TANJUNG MELAYU\r'),
(1403051001, 1403051, 'CONCONG LUAR\r'),
(1403051002, 1403051, 'KAMPUNG BARU\r'),
(1403051003, 1403051, 'CONCONG TENGAH\r'),
(1403051004, 1403051, 'CONCONG DALAM\r'),
(1403051005, 1403051, 'SUNGAI BERAPIT\r'),
(1403051006, 1403051, 'PANGLIMA RAJA\r'),
(1403060001, 1403060, 'SEBERANG TEMBILAHAN\r'),
(1403060002, 1403060, 'SUNGAI PERAK\r'),
(1403060003, 1403060, 'TEMBILAHAN HILIR\r'),
(1403060004, 1403060, 'TEMBILAHAN KOTA\r'),
(1403060005, 1403060, 'PEKAN ARBA\r'),
(1403060006, 1403060, 'SUNGAI BERINGIN\r'),
(1403060007, 1403060, 'SEBERANG TEMBILAHAN BARAT\r'),
(1403060008, 1403060, 'SEBERANG TEMBILAHAN SELATAN\r'),
(1403061001, 1403061, 'PULAU PALAS\r'),
(1403061002, 1403061, 'TEMBILAHAN HULU\r'),
(1403061003, 1403061, 'SIALANG PANJANG\r'),
(1403061004, 1403061, 'PEKAN KAMIS\r'),
(1403061005, 1403061, 'SUNGAI INTAN\r'),
(1403061006, 1403061, 'TEMBILAHAN BARAT\r'),
(1403070009, 1403070, 'TEMPULING\r'),
(1403070010, 1403070, 'SUNGAI SALAK\r'),
(1403070011, 1403070, 'TELUK JIRA\r'),
(1403070012, 1403070, 'MUMPA\r'),
(1403070013, 1403070, 'TELUK KIAMBANG\r'),
(1403070014, 1403070, 'KARYA TUNAS JAYA\r'),
(1403070015, 1403070, 'HARAPAN JAYA\r'),
(1403070016, 1403070, 'TANJUNG PIDADA\r'),
(1403070017, 1403070, 'PANGKALAN TUJUH\r'),
(1403071001, 1403071, 'BAYAS JAYA\r'),
(1403071002, 1403071, 'PEKAN TUA\r'),
(1403071003, 1403071, 'KEMPAS JAYA\r'),
(1403071004, 1403071, 'SUNGAI ARA\r'),
(1403071005, 1403071, 'HARAPAN TANI\r'),
(1403071006, 1403071, 'KARYA TANI\r'),
(1403071007, 1403071, 'RUMBAI JAYA\r'),
(1403071008, 1403071, 'SUNGAI GANTANG\r'),
(1403071009, 1403071, 'SUNGAI RABIT\r'),
(1403071010, 1403071, 'KERTA JAYA\r'),
(1403071011, 1403071, 'KULIM JAYA\r'),
(1403071012, 1403071, 'DANAU PULAI INDAH\r'),
(1403080001, 1403080, 'KUALA SEBATU\r'),
(1403080002, 1403080, 'SUNGAI RAYA\r'),
(1403080003, 1403080, 'SUNGAI JUNJANGAN\r'),
(1403080004, 1403080, 'SUNGAI LUAR\r'),
(1403080005, 1403080, 'SUNGAI DUSUN\r'),
(1403080006, 1403080, 'SUNGAI PIRING\r'),
(1403080007, 1403080, 'TANJUNG SIANTAR\r'),
(1403080008, 1403080, 'SUNGAI RAWA\r'),
(1403080009, 1403080, 'SIALANG JAYA\r'),
(1403080010, 1403080, 'GEMILANG JAYA\r'),
(1403080011, 1403080, 'TASIK RAYA\r'),
(1403080012, 1403080, 'PASIR EMAS\r'),
(1403080013, 1403080, 'SIMPANG JAYA\r'),
(1403090001, 1403090, 'RAMBAIAN\r'),
(1403090002, 1403090, 'SUNGAI EMPAT\r'),
(1403090003, 1403090, 'TELUK TUASAN\r'),
(1403090004, 1403090, 'SUNGAI ILIRAN\r'),
(1403090005, 1403090, 'TELUK SUNGKA\r'),
(1403090006, 1403090, 'TELUK PANTAIAN\r'),
(1403090007, 1403090, 'TELUK PINANG\r'),
(1403090008, 1403090, 'KUALA GAUNG\r'),
(1403090009, 1403090, 'KELUMPANG\r'),
(1403090010, 1403090, 'IDAMAN\r'),
(1403090011, 1403090, 'HARAPAN MAKMUR\r'),
(1403090012, 1403090, 'TANJUNG HARAPAN\r'),
(1403100001, 1403100, 'TELUK KABUNG\r'),
(1403100002, 1403100, 'SIMPANG GAUNG\r'),
(1403100003, 1403100, 'PUNGKAT\r'),
(1403100004, 1403100, 'BELANTARAYA\r'),
(1403100005, 1403100, 'JERAMBANG\r'),
(1403100006, 1403100, 'SUNGAI BARU\r'),
(1403100007, 1403100, 'LAHANG BARU\r'),
(1403100008, 1403100, 'KUALA LAHANG\r'),
(1403100009, 1403100, 'LAHANG TENGAH\r'),
(1403100010, 1403100, 'LAHANG HULU\r'),
(1403100011, 1403100, 'TERUSAN KEMPAS\r'),
(1403100012, 1403100, 'GEMBIRA\r'),
(1403100013, 1403100, 'SEMAMBU KUNING\r'),
(1403100014, 1403100, 'PINTASAN\r'),
(1403100015, 1403100, 'SOREN\r'),
(1403100016, 1403100, 'TELUK MERBAU\r'),
(1403110001, 1403110, 'PULAU CAWAN\r'),
(1403110002, 1403110, 'BATANG TUMU\r'),
(1403110003, 1403110, 'BAKAU ACEH\r'),
(1403110004, 1403110, 'PELANDUK\r'),
(1403110005, 1403110, 'IGAL\r'),
(1403110006, 1403110, 'KHAIRIAH MANDAH\r'),
(1403110007, 1403110, 'BENTE\r'),
(1403110008, 1403110, 'BELARAS\r'),
(1403110009, 1403110, 'BEKAWAN\r'),
(1403110010, 1403110, 'BANTAYAN\r'),
(1403110011, 1403110, 'BOLAK RAYA\r'),
(1403110012, 1403110, 'BATANG SARI\r'),
(1403110013, 1403110, 'SEPAKAT JAYA\r'),
(1403110014, 1403110, 'SURAYYA MANDIRI\r'),
(1403110015, 1403110, 'CAHAYA BARU\r'),
(1403110016, 1403110, 'BELARAS BARAT\r'),
(1403110017, 1403110, 'BIDARI TANJUNG DATUK\r'),
(1403120001, 1403120, 'SUNGAI SIMBAR\r'),
(1403120002, 1403120, 'KUALA SELAT\r'),
(1403120003, 1403120, 'PENJURU\r'),
(1403120004, 1403120, 'TAGARAJA\r'),
(1403120005, 1403120, 'SARI MULYA\r'),
(1403120006, 1403120, 'AIR TAWAR\r'),
(1403120007, 1403120, 'TANJUNG RAJA\r'),
(1403120008, 1403120, 'SUNGAI TERITIP\r'),
(1403120009, 1403120, 'MAKMUR JAYA\r'),
(1403120010, 1403120, 'AMAL BAKTI\r'),
(1403120011, 1403120, 'BANDAR SRI GEMILANG\r'),
(1403121001, 1403121, 'TANJUNG SIMPANG\r'),
(1403121002, 1403121, 'SIMPANG KATEMAN\r'),
(1403121003, 1403121, 'PELANGIRAN\r'),
(1403121004, 1403121, 'ROTAN SEMELUR\r'),
(1403121005, 1403121, 'BAUNG REJO JAYA\r'),
(1403121006, 1403121, 'TAGAGIRI TAMA JAYA\r'),
(1403121007, 1403121, 'PINANG JAYA\r'),
(1403121008, 1403121, 'WONOSARI\r'),
(1403121009, 1403121, 'TEGAL REJO JAYA\r'),
(1403121010, 1403121, 'INTAN MULYA JAYA\r'),
(1403121011, 1403121, 'SAKA PALAS JAYA\r'),
(1403121012, 1403121, 'CATUR KARYA\r'),
(1403121013, 1403121, 'BAGAN JAYA\r'),
(1403121014, 1403121, 'TELUK BUNIAN\r'),
(1403121015, 1403121, 'HIDAYAH\r'),
(1403121016, 1403121, 'TERUSAN BERINGIN JAYA\r'),
(1403122001, 1403122, 'GRIYA MUKTI JAYA\r'),
(1403122002, 1403122, 'TUNGGAL RAHAYU JAYA\r'),
(1403122003, 1403122, 'HIBRIDA MULYA\r'),
(1403122004, 1403122, 'BERINGIN MULYA\r'),
(1403122005, 1403122, 'INDRA SARI JAYA\r'),
(1403122006, 1403122, 'SUMBER MAKMUR JAYA\r'),
(1403122007, 1403122, 'SUMBER JAYA\r'),
(1403122008, 1403122, 'HIBRIDA JAYA\r'),
(1403122009, 1403122, 'SUMBER SARI JAYA\r'),
(1403122010, 1403122, 'KELAPA PATIH JAYA\r'),
(1403122011, 1403122, 'SAPTA MULYA JAYA\r'),
(1403122012, 1403122, 'GEMBARAN\r'),
(1403122013, 1403122, 'SAKA ROTAN\r'),
(1403123001, 1403123, 'PULAU BURUNG\r'),
(1403123002, 1403123, 'BANGUN HARJO JAYA\r'),
(1403123003, 1403123, 'RINGIN JAYA\r'),
(1403123004, 1403123, 'MAYANG SARI JAYA\r'),
(1403123005, 1403123, 'BUKIT SARI INTAN JAYA\r'),
(1403123006, 1403123, 'MANUNGGAL JAYA\r'),
(1403123007, 1403123, 'TELUK NIBUNG\r'),
(1403123008, 1403123, 'SUNGAI DANAI\r'),
(1403123009, 1403123, 'SRI DANAI\r'),
(1403123010, 1403123, 'SAPTA JAYA\r'),
(1403123011, 1403123, 'KERAMAT JAYA\r'),
(1403123012, 1403123, 'SUKA JAYA\r'),
(1403123014, 1403123, 'BINANGUN JAYA\r'),
(1403123015, 1403123, 'SUKOHARJO JAYA\r'),
(1404010001, 1404010, 'SEGATI\r'),
(1404010002, 1404010, 'SOTOL\r'),
(1404010003, 1404010, 'TAMBAK\r'),
(1404010004, 1404010, 'LANGKAN\r'),
(1404010005, 1404010, 'PANGKALAN GONDAI\r'),
(1404010006, 1404010, 'PENARIKAN\r'),
(1404010007, 1404010, 'LANGGAM\r'),
(1404010008, 1404010, 'PADANG LUAS\r'),
(1404011001, 1404011, 'RANTAU BARU\r'),
(1404011002, 1404011, 'KUALA TERUSAN\r'),
(1404011003, 1404011, 'PANGKALAN KERINCI KOTA\r'),
(1404011005, 1404011, 'MEKAR JAYA\r'),
(1404011006, 1404011, 'MAKMUR\r'),
(1404011007, 1404011, 'PANGKALAN KERINCI BARAT\r'),
(1404011008, 1404011, 'PANGKALAN KERINCI TIMUR\r'),
(1404012001, 1404012, 'SIMPANG BERINGIN\r'),
(1404012002, 1404012, 'SEKIJANG\r'),
(1404012003, 1404012, 'LUBUK OGUNG\r'),
(1404012004, 1404012, 'MUDA SETIA\r'),
(1404012005, 1404012, 'KIAB JAYA\r'),
(1404020019, 1404020, 'TANJUNG BERINGIN\r'),
(1404020020, 1404020, 'TALAU\r'),
(1404020021, 1404020, 'KESUMA\r'),
(1404020022, 1404020, 'BETUNG\r'),
(1404020023, 1404020, 'SOREK SATU\r'),
(1404020024, 1404020, 'SOREK DUA\r'),
(1404020025, 1404020, 'DUNDANGAN\r'),
(1404020026, 1404020, 'SURYA INDAH\r'),
(1404020027, 1404020, 'BERINGIN INDAH\r'),
(1404020028, 1404020, 'SIALANG INDAH\r'),
(1404020029, 1404020, 'TERANTANG MANUK\r'),
(1404020030, 1404020, 'PALAS\r'),
(1404020031, 1404020, 'HARAPAN JAYA\r'),
(1404020032, 1404020, 'MERANTI\r'),
(1404020033, 1404020, 'KEMANG\r'),
(1404020034, 1404020, 'BATANG KULIM\r'),
(1404020035, 1404020, 'SIDO MUKTI\r'),
(1404021001, 1404021, 'SILIKUAN HULU\r'),
(1404021002, 1404021, 'LUBUK KEMBANG SARI\r'),
(1404021003, 1404021, 'LUBUK KEMBANG BUNGA\r'),
(1404021004, 1404021, 'AIR HITAM\r'),
(1404021005, 1404021, 'KAMPUNG BARU\r'),
(1404021006, 1404021, 'UKUI SATU\r'),
(1404021007, 1404021, 'UKUI DUA\r'),
(1404021008, 1404021, 'BUKIT GAJAH\r'),
(1404021009, 1404021, 'BUKIT JAYA\r'),
(1404021010, 1404021, 'AIR EMAS\r'),
(1404021011, 1404021, 'TRI MULYA JAYA\r'),
(1404021012, 1404021, 'BAGAN LIMAU\r'),
(1404022001, 1404022, 'GENDUANG\r'),
(1404022002, 1404022, 'RAWANG SARI\r'),
(1404022003, 1404022, 'SARI MAKMUR\r'),
(1404022004, 1404022, 'MULIA SUBUR\r'),
(1404022005, 1404022, 'MAYANG SARI\r'),
(1404022006, 1404022, 'SARI MULYA\r'),
(1404022007, 1404022, 'DUSUN TUA\r'),
(1404022008, 1404022, 'PANGKALAN LESUNG\r'),
(1404022009, 1404022, 'TANJUNG KUYO\r'),
(1404022010, 1404022, 'PESAGUAN\r'),
(1404030005, 1404030, 'MERBAU\r'),
(1404030009, 1404030, 'PETANI\r'),
(1404030010, 1404030, 'PANGKALAN BUNUT\r'),
(1404030011, 1404030, 'LUBUK MAS\r'),
(1404030012, 1404030, 'BALAM MERAH\r'),
(1404030013, 1404030, 'BAGAN LAGUH\r'),
(1404030014, 1404030, 'SUNGAI BULUH\r'),
(1404030017, 1404030, 'LUBUK MANDIAN GAJAH\r'),
(1404030018, 1404030, 'KERIUNG\r'),
(1404030019, 1404030, 'SIALANG KAYU BATU\r'),
(1404031001, 1404031, 'SUNGAI ARA\r'),
(1404031002, 1404031, 'RANSANG\r'),
(1404031003, 1404031, 'KUALA TOLAM\r'),
(1404031004, 1404031, 'PELALAWAN\r'),
(1404031005, 1404031, 'TELAYAP\r'),
(1404031006, 1404031, 'BATANG NILO KECIL\r'),
(1404031007, 1404031, 'SERING\r'),
(1404031008, 1404031, 'DELIK\r'),
(1404031010, 1404031, 'LALANG KABUNG\r'),
(1404032001, 1404032, 'KUALA SEMUNDAM\r'),
(1404032002, 1404032, 'RAWANG EMPAT\r'),
(1404032003, 1404032, 'TAMBUN\r'),
(1404032004, 1404032, 'TERBANGIANG\r'),
(1404032005, 1404032, 'LUBUK TERAP\r'),
(1404032006, 1404032, 'ANGKASA\r'),
(1404032007, 1404032, 'SIALANG GODANG\r'),
(1404032008, 1404032, 'LUBUK RAJA\r'),
(1404032009, 1404032, 'LUBUK KERANJI TIMUR\r'),
(1404032010, 1404032, 'SIALANG BUNGKUK\r'),
(1404032011, 1404032, 'AIR TERJUN\r'),
(1404040012, 1404040, 'SERAPUNG\r'),
(1404040013, 1404040, 'TELUK\r'),
(1404040014, 1404040, 'TELUK DALAM\r'),
(1404040015, 1404040, 'SOKOI\r'),
(1404040016, 1404040, 'TANJUNG SUM\r'),
(1404040017, 1404040, 'SUNGAI SOLOK\r'),
(1404040018, 1404040, 'SUNGAI UPIH\r'),
(1404040019, 1404040, 'TELUK BERINGIN\r'),
(1404040020, 1404040, 'SUNGAI EMAS\r'),
(1404040021, 1404040, 'TELUK BAKAU\r'),
(1404041001, 1404041, 'BUKIT LEMBAH SUBUR\r'),
(1404041002, 1404041, 'BANJAR PANJANG\r'),
(1404041003, 1404041, 'KERUMUTAN\r'),
(1404041004, 1404041, 'BERINGIN MAKMUR\r'),
(1404041005, 1404041, 'PEMATANG TINGGI\r'),
(1404041006, 1404041, 'PANGKALAN TAMPOI\r'),
(1404041007, 1404041, 'PANGKALAN PANDUK\r'),
(1404041008, 1404041, 'TANJUNG AIR HITAM\r'),
(1404041009, 1404041, 'MAK TEDUH\r'),
(1404041010, 1404041, 'LIPAI BULAN\r'),
(1404042001, 1404042, 'KUALA PANDUK\r'),
(1404042002, 1404042, 'PETODAAN\r'),
(1404042003, 1404042, 'TELUK MERANTI\r'),
(1404042004, 1404042, 'PULAU MUDA\r'),
(1404042005, 1404042, 'PANGKALAN TERAP\r'),
(1404042006, 1404042, 'TELUK BINJAI\r'),
(1404042007, 1404042, 'GAMBUT MUTIARA\r'),
(1404042008, 1404042, 'LABUHAN BILIK\r'),
(1404042009, 1404042, 'SEGAMAI\r'),
(1405010005, 1405010, 'MANDI ANGIN\r'),
(1405010006, 1405010, 'MINAS BARAT\r'),
(1405010007, 1405010, 'RANTAU BERTUAH\r'),
(1405010008, 1405010, 'MINAS TIMUR\r'),
(1405010009, 1405010, 'MINAS JAYA\r'),
(1405011001, 1405011, 'LUBUK UMBUT\r'),
(1405011002, 1405011, 'SUNGAI SELODANG\r'),
(1405011003, 1405011, 'TELUK LANCANG\r'),
(1405011004, 1405011, 'OLAK\r'),
(1405011005, 1405011, 'MUARA KELANTAN\r'),
(1405011006, 1405011, 'LUBUK JERING\r'),
(1405011007, 1405011, 'MUARA BUNGKAL\r'),
(1405011008, 1405011, 'BENCAH UMBAI\r'),
(1405011009, 1405011, 'TASIK BETUNG\r'),
(1405012001, 1405012, 'TELAGA SAM SAM\r'),
(1405012002, 1405012, 'SAM SAM\r'),
(1405012003, 1405012, 'KANDIS KOTA\r'),
(1405012004, 1405012, 'KANDIS\r'),
(1405012005, 1405012, 'SIMPANG BELUTU\r'),
(1405012006, 1405012, 'BELUTU\r'),
(1405012007, 1405012, 'BEKALAR\r'),
(1405012008, 1405012, 'JAMBAI MAKMUR\r'),
(1405012009, 1405012, 'PENCING BEKULO\r'),
(1405012010, 1405012, 'SUNGAI GONDANG\r'),
(1405012011, 1405012, 'LIBO JAYA\r'),
(1405020042, 1405020, 'LANGKAI\r'),
(1405020043, 1405020, 'KAMPUNG DALAM\r'),
(1405020046, 1405020, 'KAMPUNG REMPAK\r'),
(1405020047, 1405020, 'TUMANG\r'),
(1405020049, 1405020, 'MEREMPAN HULU\r'),
(1405020050, 1405020, 'RAWANG AIR PUTIH\r'),
(1405020051, 1405020, 'SUAK LANJUT\r'),
(1405020052, 1405020, 'BUANTAN BESAR\r'),
(1405021001, 1405021, 'KERINCI KIRI\r'),
(1405021003, 1405021, 'BUKIT AGUNG\r'),
(1405021004, 1405021, 'KUMBARA UTAMA\r'),
(1405021005, 1405021, 'BUKIT HARAPAN\r'),
(1405021006, 1405021, 'BUANA BHAKTI\r'),
(1405021007, 1405021, 'KERINCI KANAN\r'),
(1405021008, 1405021, 'SIMPANG PERAK JAYA\r'),
(1405021009, 1405021, 'GABUNG MAKMUR\r'),
(1405021010, 1405021, 'JATI MULIA\r'),
(1405021011, 1405021, 'BUATAN BARU\r'),
(1405021012, 1405021, 'SEMINAI\r'),
(1405021013, 1405021, 'DELIMA JAYA\r'),
(1405022001, 1405022, 'MEREDAN\r'),
(1405022002, 1405022, 'TUALANG\r'),
(1405022003, 1405022, 'PINANG SEBATANG\r'),
(1405022013, 1405022, 'MEREDAN BARAT\r'),
(1405022014, 1405022, 'PINANG SEBATANG BARAT\r'),
(1405022015, 1405022, 'PINANG SEBATANG TIMUR\r'),
(1405022016, 1405022, 'PERAWANG BARAT\r'),
(1405022017, 1405022, 'PERAWANG\r'),
(1405022018, 1405022, 'TUALANG TIMUR\r'),
(1405023001, 1405023, 'SUKA MULIA\r'),
(1405023002, 1405023, 'BUANA MAKMUR\r'),
(1405023003, 1405023, 'PANGKALAN MAKMUR\r'),
(1405023004, 1405023, 'BANJAR SEMINAI\r'),
(1405023005, 1405023, 'TELUK MERBAU\r'),
(1405023006, 1405023, 'SAWIT PERMAI\r'),
(1405023007, 1405023, 'SIALANG SAKTI\r'),
(1405023008, 1405023, 'MERANGKAI\r'),
(1405023009, 1405023, 'BERUMBUNG BARU\r'),
(1405023010, 1405023, 'LUBUK TILAN\r'),
(1405023011, 1405023, 'DAYUN\r'),
(1405024001, 1405024, 'EMPANG BARU\r'),
(1405024002, 1405024, 'SIALANG PALAS\r'),
(1405024003, 1405024, 'SIALANG BARU\r'),
(1405024004, 1405024, 'LUBUK DALAM\r'),
(1405024005, 1405024, 'RAWANG KAO\r'),
(1405024006, 1405024, 'SRI GADING\r'),
(1405024007, 1405024, 'RAWANG KAO BARAT\r'),
(1405025001, 1405025, 'KUALA GASIB\r'),
(1405025002, 1405025, 'TELUK RIMBA\r'),
(1405025003, 1405025, 'PANGKALAN PISANG\r'),
(1405025004, 1405025, 'KERANJI GUGUH\r'),
(1405025005, 1405025, 'EMPANG PANDAN\r'),
(1405025006, 1405025, 'SENGKEMANG\r'),
(1405025007, 1405025, 'RANTAU PANJANG\r'),
(1405025008, 1405025, 'BUATAN II\r'),
(1405025009, 1405025, 'BUATAN I\r'),
(1405025010, 1405025, 'SRI GEMILANG\r'),
(1405025011, 1405025, 'TASIK SEMINAI\r'),
(1405026001, 1405026, 'MEREMPAN HILIR\r'),
(1405026002, 1405026, 'SUNGAI MEMPURA\r'),
(1405026003, 1405026, 'KAMPUNG TENGAH\r'),
(1405026004, 1405026, 'BENTENG HULU\r'),
(1405026005, 1405026, 'BENTENG HILIR\r'),
(1405026006, 1405026, 'PALUH\r'),
(1405026007, 1405026, 'KOTA RINGIN\r'),
(1405026008, 1405026, 'TELUK MEREMPAN\r'),
(1405030011, 1405030, 'TELUK MESJID\r'),
(1405030012, 1405030, 'PARITI/II\r'),
(1405030013, 1405030, 'SUNGAI APIT\r'),
(1405030016, 1405030, 'TANJUNG KURAS\r'),
(1405030017, 1405030, 'SUNGAI KAYU ARA\r'),
(1405030018, 1405030, 'LALANG\r'),
(1405030019, 1405030, 'MENGKAPAN\r'),
(1405030020, 1405030, 'SUNGAI RAWA\r'),
(1405030021, 1405030, 'PENYENGAT\r'),
(1405030022, 1405030, 'TELUK LANUS\r'),
(1405030023, 1405030, 'HARAPAN\r'),
(1405030027, 1405030, 'TELUK BATIL\r'),
(1405030028, 1405030, 'BUNSUR\r'),
(1405030029, 1405030, 'KAYU ARA PERMAI\r'),
(1405030030, 1405030, 'RAWA MEKAR JAYA\r'),
(1405031001, 1405031, 'JAYA PURA\r'),
(1405031007, 1405031, 'BUNGA RAYA\r'),
(1405031008, 1405031, 'JATI BARU\r'),
(1405031011, 1405031, 'BUANTAN LESTARI\r'),
(1405031012, 1405031, 'TUAH INDRAPURA\r'),
(1405031013, 1405031, 'KEMUNING MUDA\r'),
(1405031014, 1405031, 'LANGSAT PERMAI\r'),
(1405031015, 1405031, 'SUAK MERAMBAI\r'),
(1405031016, 1405031, 'DAYANG SURI\r'),
(1405031017, 1405031, 'TEMUSAI\r'),
(1405032001, 1405032, 'SUNGAI TENGAH\r'),
(1405032002, 1405032, 'BANDAR SUNGAI\r'),
(1405032003, 1405032, 'BELADING\r'),
(1405032004, 1405032, 'LAKSAMANA\r'),
(1405032005, 1405032, 'REMPAK\r'),
(1405032006, 1405032, 'SABAK PERMAI\r'),
(1405032007, 1405032, 'BANDAR PEDADA\r'),
(1405032008, 1405032, 'SELAT GUNTUNG\r'),
(1405033001, 1405033, 'SUNGAI BERBARI\r'),
(1405033002, 1405033, 'SUNGAI LIMAU\r'),
(1405033003, 1405033, 'DOSAN\r'),
(1405033004, 1405033, 'BENAYAH\r'),
(1405033005, 1405033, 'PEBADARAN\r'),
(1405033006, 1405033, 'DUSUN PUSAKA\r'),
(1405033007, 1405033, 'PERINCIT\r'),
(1406010006, 1406010, 'DOMO\r'),
(1406010014, 1406010, 'MUARA SELAYA\r'),
(1406010015, 1406010, 'IV KOTO SETINGKAI\r'),
(1406010016, 1406010, 'PADANG SAWAH\r'),
(1406010017, 1406010, 'KUNTU\r'),
(1406010018, 1406010, 'TELUK PAMAN\r'),
(1406010019, 1406010, 'LIPAT KAIN\r'),
(1406010020, 1406010, 'SUNGAI GERINGGING\r'),
(1406010021, 1406010, 'SUNGAI PAKU\r'),
(1406010034, 1406010, 'SUNGAI RAMBAI\r'),
(1406010035, 1406010, 'SUNGAI RAJA\r'),
(1406010036, 1406010, 'TANJUNG HARAPAN\r'),
(1406010037, 1406010, 'SUNGAI SARIK\r'),
(1406010040, 1406010, 'LIPAT KAIN UTARA\r'),
(1406010041, 1406010, 'LIPAT KAIN SELATAN\r'),
(1406010042, 1406010, 'KUNTU DARUSSALAM\r'),
(1406010043, 1406010, 'TANJUNG MAS\r'),
(1406010044, 1406010, 'SUNGAI LITI\r'),
(1406010045, 1406010, 'TELUK PAMAN TIMUR\r'),
(1406010046, 1406010, 'SUNGAI HARAPAN\r'),
(1406011001, 1406011, 'AUR KUNING\r'),
(1406011002, 1406011, 'TANJUNG BERINGIN\r'),
(1406011003, 1406011, 'BATU SANGGAN\r'),
(1406011004, 1406011, 'TANJUNG BELIT\r'),
(1406011005, 1406011, 'GEMA\r'),
(1406011006, 1406011, 'TANJUNG BELIT SELATAN\r'),
(1406011007, 1406011, 'KOTA LAMA\r'),
(1406011008, 1406011, 'LUDAI\r'),
(1406011009, 1406011, 'PANGKALAN KAPAS\r'),
(1406011010, 1406011, 'KEBUN TINGGI\r'),
(1406011011, 1406011, 'BATU SASAK\r'),
(1406011012, 1406011, 'TANJUNG KARANG\r'),
(1406011013, 1406011, 'GAJAH BERTALUT\r'),
(1406011014, 1406011, 'PANGKALAN SERAI\r'),
(1406011015, 1406011, 'DANAU SONTUL\r'),
(1406011016, 1406011, 'DERAS TAJAK\r'),
(1406011017, 1406011, 'TERUSAN\r'),
(1406011018, 1406011, 'SUNGAI SANTI\r'),
(1406011019, 1406011, 'TANJUNG PERMAI\r'),
(1406011020, 1406011, 'DUA SEPAKAT\r'),
(1406011021, 1406011, 'SUBAYANG JAYA\r'),
(1406011022, 1406011, 'BUKIT BETUNG\r'),
(1406011023, 1406011, 'LUBUK BIGAU\r'),
(1406011024, 1406011, 'MUARA BIO\r'),
(1406012001, 1406012, 'SUNGAI SIMPANG DUA\r'),
(1406012002, 1406012, 'SUNGAI PAGAR\r'),
(1406012003, 1406012, 'MENTULIK\r'),
(1406012004, 1406012, 'BANGUN SARI\r'),
(1406012005, 1406012, 'SUNGAI PETAI\r'),
(1406012006, 1406012, 'RANTAU KASIH\r'),
(1406012007, 1406012, 'SUNGAI BUNGA\r'),
(1406012008, 1406012, 'GADING PERMAI\r'),
(1406013001, 1406013, 'KEBUN DURIAN\r'),
(1406013002, 1406013, 'SUBARAK\r'),
(1406013003, 1406013, 'GUNUNG SAHILAN\r'),
(1406013004, 1406013, 'SUKA MAKMUR\r'),
(1406013005, 1406013, 'GUNUNG SARI\r'),
(1406013006, 1406013, 'MAKMUR SEJAHTERA\r'),
(1406013007, 1406013, 'SUNGAI LIPAI\r'),
(1406013008, 1406013, 'SAHILAN DARUSSALAM\r'),
(1406013009, 1406013, 'GUNUNG MULYA\r'),
(1406014001, 1406014, 'PENGHIDUPAN\r'),
(1406014002, 1406014, 'SIMALINYANG\r'),
(1406014003, 1406014, 'MAYANG PONGKAI\r'),
(1406014004, 1406014, 'LUBUK SAKAI\r'),
(1406014005, 1406014, 'BINA BARU\r'),
(1406014006, 1406014, 'HIDUP BARU\r'),
(1406014007, 1406014, 'KARYA BAKTI\r'),
(1406014008, 1406014, 'KOTO DAMAI\r'),
(1406014009, 1406014, 'UTAMA KARYA\r'),
(1406014010, 1406014, 'BUKIT SAKAI\r'),
(1406014011, 1406014, 'MEKAR JAYA\r'),
(1406020001, 1406020, 'BALUNG\r'),
(1406020002, 1406020, 'PULAU GADANG\r'),
(1406020003, 1406020, 'TANJUNG ALAI\r'),
(1406020004, 1406020, 'BATU BERSURAT\r'),
(1406020005, 1406020, 'KOTO TUO\r'),
(1406020006, 1406020, 'MUARA TAKUS\r'),
(1406020007, 1406020, 'GUNUNG BUNGSU\r'),
(1406020013, 1406020, 'KOTO MESJID\r'),
(1406020014, 1406020, 'LUBUK AGUNG\r'),
(1406020015, 1406020, 'RANAH SUNGKAI\r'),
(1406020016, 1406020, 'BINAMANG\r'),
(1406020017, 1406020, 'PONGKAI ISTIQAMAH\r'),
(1406020024, 1406020, 'KOTO TUO BARAT\r'),
(1406021001, 1406021, 'TANJUNG\r'),
(1406021002, 1406021, 'TABING\r'),
(1406021003, 1406021, 'PONGKAI\r'),
(1406021004, 1406021, 'GUNUNG MALELO\r'),
(1406021005, 1406021, 'SIBIRUANG\r'),
(1406021006, 1406021, 'BANDUR PICAK\r'),
(1406030002, 1406030, 'KUOK\r'),
(1406030003, 1406030, 'MERANGIN\r'),
(1406030004, 1406030, 'EMPAT BALAI\r'),
(1406030005, 1406030, 'PULAU JAMBU\r'),
(1406030008, 1406030, 'SILAM\r'),
(1406030009, 1406030, 'BUKIT MELINTANG\r'),
(1406030010, 1406030, 'LERENG\r'),
(1406030011, 1406030, 'PULAU TERAP\r'),
(1406030012, 1406030, 'BATU LANGKA KECIL\r'),
(1406031001, 1406031, 'SIABU\r'),
(1406031002, 1406031, 'GANTING\r'),
(1406031003, 1406031, 'SIPUNGGUK\r'),
(1406031004, 1406031, 'GANTING DAMAI\r'),
(1406031005, 1406031, 'SALO\r'),
(1406031006, 1406031, 'SALO TIMUR\r'),
(1406040002, 1406040, 'PETAPAHAN\r'),
(1406040003, 1406040, 'SEI LEMBU MAKMUR\r'),
(1406040004, 1406040, 'MUARA MAHAT BARU\r'),
(1406040005, 1406040, 'KENANTAN\r'),
(1406040006, 1406040, 'SIBUAK\r'),
(1406040007, 1406040, 'PANTAI CERMIN\r'),
(1406040008, 1406040, 'SUNGAI PUTIH\r'),
(1406040009, 1406040, 'PAGARUYUNG\r'),
(1406040010, 1406040, 'AIR TERBIT\r'),
(1406040011, 1406040, 'PANCURAN GADING\r'),
(1406040012, 1406040, 'SARI GALUH\r'),
(1406040013, 1406040, 'TRI MANUNGGAL\r'),
(1406040014, 1406040, 'MUKTI SARI\r'),
(1406040015, 1406040, 'INDRAPURI\r'),
(1406040016, 1406040, 'GADING SARI\r'),
(1406040017, 1406040, 'TANJUNG SAWIT\r'),
(1406040018, 1406040, 'SUMBER MAKMUR\r'),
(1406040019, 1406040, 'PETAPAHAN JAYA\r'),
(1406040030, 1406040, 'PELAMBAIAN\r'),
(1406040031, 1406040, 'INDRA SAKTI\r'),
(1406040032, 1406040, 'SUNGAI AGUNG\r'),
(1406040033, 1406040, 'KARYA INDAH\r'),
(1406040034, 1406040, 'KIJANG REJO\r'),
(1406040035, 1406040, 'BENCAH KELUBI\r'),
(1406040036, 1406040, 'BATU GAJAH\r'),
(1406041001, 1406041, 'KASIKAN\r'),
(1406041002, 1406041, 'RIMBA BERINGIN\r'),
(1406041003, 1406041, 'SENAMA NENEK\r'),
(1406041004, 1406041, 'BUKIT KEMUNING\r'),
(1406041005, 1406041, 'DANAU LANCANG\r'),
(1406041006, 1406041, 'SUKA RAMAI\r'),
(1406041007, 1406041, 'KUSAU MAKMUR\r'),
(1406041008, 1406041, 'SUMBER SARI\r'),
(1406041014, 1406041, 'TALANG DANTO\r'),
(1406041015, 1406041, 'MUARA INTAN\r'),
(1406041016, 1406041, 'INTAN JAYA\r'),
(1406041017, 1406041, 'TANAH DATAR\r'),
(1406041018, 1406041, 'RIMBA MAKMUR\r'),
(1406041019, 1406041, 'RIMBA JAYA\r'),
(1406042001, 1406042, 'SEKIJANG\r'),
(1406042002, 1406042, 'TEBING LESTARI\r'),
(1406042003, 1406042, 'KIJANG JAYA\r'),
(1406042004, 1406042, 'TANAH TINGGI\r'),
(1406042005, 1406042, 'TAPUNG MAKMUR\r'),
(1406042006, 1406042, 'TAPUNG LESTARI\r'),
(1406042007, 1406042, 'KOTA GARO\r'),
(1406042008, 1406042, 'SUKA MAJU\r'),
(1406042009, 1406042, 'KOTA BARU\r'),
(1406042010, 1406042, 'KOTO BANGUN\r'),
(1406042011, 1406042, 'CINTA DAMAI\r'),
(1406042012, 1406042, 'BERINGIN LESTARI\r'),
(1406042013, 1406042, 'TANDAN SARI\r'),
(1406042015, 1406042, 'KIJANG MAKMUR\r'),
(1406042016, 1406042, 'KOTO AMAN\r'),
(1406042017, 1406042, 'GERBANG SARI\r'),
(1406050002, 1406050, 'LANGGINI\r'),
(1406050003, 1406050, 'BANGKINANG\r'),
(1406050013, 1406050, 'KUMANTAN\r'),
(1406050014, 1406050, 'RIDAN PERMAI\r'),
(1406051001, 1406051, 'PULAU LAWAS\r'),
(1406051002, 1406051, 'MUARA UWAI\r'),
(1406051003, 1406051, 'PULAU\r'),
(1406051004, 1406051, 'PASIR SIALANG\r'),
(1406051005, 1406051, 'BUKIT SEMBILAN\r'),
(1406051006, 1406051, 'LABOY JAYA\r'),
(1406051007, 1406051, 'SUKA MULYA\r'),
(1406051008, 1406051, 'BUKIT PAYUNG\r'),
(1406051009, 1406051, 'BINUANG\r'),
(1406060001, 1406060, 'BATU BELAH\r'),
(1406060002, 1406060, 'TANJUNG BERULAK\r'),
(1406060003, 1406060, 'AIR TIRIS\r'),
(1406060004, 1406060, 'RANAH\r'),
(1406060005, 1406060, 'PENYASAWAN\r'),
(1406060006, 1406060, 'RUMBIO\r'),
(1406060007, 1406060, 'PADANG MUTUNG\r'),
(1406060025, 1406060, 'SIMPANG KUBU\r'),
(1406060026, 1406060, 'TANJUNG RAMBUTAN\r'),
(1406060028, 1406060, 'PULAU JAMBU\r'),
(1406060029, 1406060, 'LIMAU MANIS\r'),
(1406060030, 1406060, 'NAUMBAI\r'),
(1406060031, 1406060, 'RANAH SINGKUANG\r'),
(1406060032, 1406060, 'PULAU TINGGI\r'),
(1406060033, 1406060, 'KOTO TIBUN\r'),
(1406060034, 1406060, 'BUKIT RANAH\r'),
(1406060035, 1406060, 'RANAH BARU\r'),
(1406060036, 1406060, 'PULAU SARAK\r'),
(1406061001, 1406061, 'PULAU RAMBAI\r'),
(1406061002, 1406061, 'KAMPAR\r'),
(1406061003, 1406061, 'KOTO PERAMBAHAN\r'),
(1406061004, 1406061, 'PULAU BIRANDANG\r'),
(1406061005, 1406061, 'SUNGAI PUTIH\r'),
(1406061006, 1406061, 'DELI MAKMUR\r'),
(1406061007, 1406061, 'SUNGAI TARAP\r'),
(1406061008, 1406061, 'TANJUNG BUNGO\r'),
(1406061009, 1406061, 'SAWAH BARU\r'),
(1406062001, 1406062, 'ALAM PANJANG\r'),
(1406062002, 1406062, 'PULAU PAYUNG\r'),
(1406062003, 1406062, 'TERATAK\r'),
(1406062004, 1406062, 'BUKIT KRATAI\r'),
(1406062005, 1406062, 'BATANG BATINDIH\r'),
(1406062006, 1406062, 'TAMBUSAI\r'),
(1406062007, 1406062, 'SIMPANG PETAI\r'),
(1406063001, 1406063, 'KAMPUNG PANJANG\r'),
(1406063002, 1406063, 'SAWAH\r'),
(1406063003, 1406063, 'KAYU ARO\r'),
(1406063004, 1406063, 'MUARA JALAI\r'),
(1406063005, 1406063, 'SUNGAI TONANG\r'),
(1406063006, 1406063, 'SUNGAI JALAU\r'),
(1406063007, 1406063, 'SENDAYAN\r'),
(1406063008, 1406063, 'NAGA BERALIH\r'),
(1406070001, 1406070, 'KUAPAN\r'),
(1406070002, 1406070, 'AUR SATI\r'),
(1406070003, 1406070, 'TAMBANG\r'),
(1406070004, 1406070, 'PADANG LUAS\r'),
(1406070005, 1406070, 'GOBAH\r'),
(1406070006, 1406070, 'TERANTANG\r'),
(1406070007, 1406070, 'RIMBA PANJANG\r'),
(1406070008, 1406070, 'KUALU\r'),
(1406070009, 1406070, 'TELUK KENIDAI\r'),
(1406070010, 1406070, 'PARIT BARU\r'),
(1406070011, 1406070, 'KEMANG INDAH\r'),
(1406070012, 1406070, 'SUNGAI PINANG\r'),
(1406070013, 1406070, 'KUALU NENAS\r'),
(1406070014, 1406070, 'TARAI BANGUN\r'),
(1406070015, 1406070, 'PALUNG RAYA\r'),
(1406070016, 1406070, 'PULAU PERMAI\r'),
(1406070017, 1406070, 'BALAM JAYA\r'),
(1406080004, 1406080, 'BULUH NIPIS\r'),
(1406080005, 1406080, 'PANGKALAN BARU\r'),
(1406080006, 1406080, 'BULUH CINA\r'),
(1406080007, 1406080, 'LUBUK SIAM\r'),
(1406080009, 1406080, 'TERATAK BULUH\r'),
(1406080010, 1406080, 'DESA BARU\r'),
(1406080011, 1406080, 'TANAH MERAH\r'),
(1406080012, 1406080, 'PANDAU JAYA\r'),
(1406080013, 1406080, 'PANGKALAN SERIK\r'),
(1406080014, 1406080, 'KEPAU JAYA\r'),
(1406080015, 1406080, 'TANJUNG BALAM\r'),
(1406080016, 1406080, 'KUBANG JAYA\r'),
(1406081001, 1406081, 'PANTAI RAJA\r'),
(1406081002, 1406081, 'SIALANG KUBANG\r'),
(1406081003, 1406081, 'HANG TUAH\r'),
(1406081008, 1406081, 'KAMPUNG PINANG\r'),
(1406081009, 1406081, 'LUBUK SAKAT\r'),
(1407010001, 1407010, 'CIPANG KIRI HULU\r'),
(1407010002, 1407010, 'CIPANG KIRI HILIR\r'),
(1407010007, 1407010, 'SIKEBAU JAYA\r'),
(1407010008, 1407010, 'LUBUK BENDAHARA\r'),
(1407010009, 1407010, 'LUBUK BENDAHARA TIMUR\r'),
(1407010010, 1407010, 'TANJUNG MEDAN\r'),
(1407010011, 1407010, 'ROKAN\r'),
(1407010012, 1407010, 'CIPANG KANAN\r'),
(1407010013, 1407010, 'ROKAN KOTO RUANG\r'),
(1407010014, 1407010, 'ROKAN TIMUR\r'),
(1407010015, 1407010, 'TIBAWAN\r'),
(1407010016, 1407010, 'LUBUK BETUNG\r'),
(1407010017, 1407010, 'ALAHAN\r'),
(1407010018, 1407010, 'PEMANDANG\r'),
(1407011001, 1407011, 'PENDALIAN\r'),
(1407011002, 1407011, 'BENGKOLAN SALAK\r'),
(1407011003, 1407011, 'SULIGI\r'),
(1407011004, 1407011, 'AIR PANAS\r'),
(1407011005, 1407011, 'SUNGAI KANDIS\r'),
(1407020003, 1407020, 'KUMAIN\r'),
(1407020004, 1407020, 'BONO TAPUNG\r'),
(1407020005, 1407020, 'DAYO\r'),
(1407020006, 1407020, 'TAPUNG JAYA\r'),
(1407020012, 1407020, 'TANDUN\r'),
(1407020013, 1407020, 'PUO RAYA\r'),
(1407020014, 1407020, 'SUNGAI KUNING\r'),
(1407020015, 1407020, 'KOTO TANDUN\r'),
(1407020016, 1407020, 'TANDUN BARAT\r'),
(1407021001, 1407021, 'KABUN\r'),
(1407021002, 1407021, 'ALIANTAN\r'),
(1407021003, 1407021, 'KOTO RANAH\r'),
(1407021004, 1407021, 'BENCAH KESUMA\r'),
(1407021005, 1407021, 'BATU LANGKAH BESAR\r'),
(1407021006, 1407021, 'GITI\r'),
(1407022001, 1407022, 'UJUNG BATU\r'),
(1407022002, 1407022, 'UJUNG BATU TIMUR\r'),
(1407022003, 1407022, 'NGASO\r'),
(1407022004, 1407022, 'SUKA DAMAI\r'),
(1407022005, 1407022, 'PEMATANG TEBIH\r'),
(1407030001, 1407030, 'RAMBAH SAMO BARAT\r'),
(1407030002, 1407030, 'MARGA MULYA\r'),
(1407030003, 1407030, 'RAMBAH SAMO\r'),
(1407030004, 1407030, 'KARYA MULYA\r'),
(1407030005, 1407030, 'RAMBAH BARU\r'),
(1407030006, 1407030, 'RAMBAH UTAMA\r'),
(1407030007, 1407030, 'PASIR MAKMUR\r'),
(1407030008, 1407030, 'MASDA MAKMUR\r'),
(1407030009, 1407030, 'LANGKITIN\r'),
(1407030010, 1407030, 'LUBUK NAPAL\r'),
(1407030011, 1407030, 'SUNGAI SALAK\r'),
(1407030012, 1407030, 'TELUK AUR\r'),
(1407030013, 1407030, 'LUBUK BILANG\r'),
(1407030014, 1407030, 'SUNGAI KUNING\r'),
(1407040002, 1407040, 'MENAMING\r'),
(1407040003, 1407040, 'RAMBAH TENGAH HULU\r'),
(1407040004, 1407040, 'RAMBAH TENGAH BARAT\r'),
(1407040005, 1407040, 'PASIR PENGARAIAN\r'),
(1407040006, 1407040, 'RAMBAH TENGAH UTARA\r'),
(1407040012, 1407040, 'RAMBAH TENGAH HILIR\r'),
(1407040013, 1407040, 'PASIR BARU\r'),
(1407040014, 1407040, 'TANJUNG BELIT\r'),
(1407040015, 1407040, 'SIALANG JAYA\r'),
(1407040016, 1407040, 'KOTO TINGGI\r'),
(1407040017, 1407040, 'SUKA MAJU\r'),
(1407040018, 1407040, 'PEMATANG BERANGAN\r'),
(1407040019, 1407040, 'BABUSSALAM\r'),
(1407040020, 1407040, 'PASIR MAJU\r'),
(1407041004, 1407041, 'PASIR JAYA\r'),
(1407041005, 1407041, 'PASIR UTAMA\r'),
(1407041006, 1407041, 'RAMBAH HILIR\r'),
(1407041007, 1407041, 'RAMBAH MUDA\r'),
(1407041008, 1407041, 'SUNGAI SITOLANG\r'),
(1407041009, 1407041, 'LUBUK KRAPAT\r'),
(1407041010, 1407041, 'RAMBAH HILIR TENGAH\r'),
(1407041011, 1407041, 'RAMBAH HILIR TIMUR\r'),
(1407041012, 1407041, 'RAMBAH\r'),
(1407041013, 1407041, 'SEROMBAU INDAH\r'),
(1407041014, 1407041, 'SUNGAI DUA INDAH\r'),
(1407041015, 1407041, 'MUARA MUSU\r'),
(1407041016, 1407041, 'SEJATI\r'),
(1407042001, 1407042, 'BANGUN PURBA\r'),
(1407042002, 1407042, 'PASIR AGUNG\r'),
(1407042003, 1407042, 'PASIR INTAN\r'),
(1407042004, 1407042, 'RAMBAH JAYA\r'),
(1407042005, 1407042, 'BANGUN PURBA TIMUR JAYA\r'),
(1407042006, 1407042, 'BANGUN PURBA BARAT\r'),
(1407042007, 1407042, 'TANGUN\r'),
(1407050001, 1407050, 'TAMBUSAI BARAT\r'),
(1407050002, 1407050, 'SUNGAI KUMANGO\r'),
(1407050003, 1407050, 'BATAS\r'),
(1407050004, 1407050, 'TALI KUMAIN\r'),
(1407050005, 1407050, 'TAMBUSAI TENGAH\r'),
(1407050006, 1407050, 'RANTAU PANJANG\r'),
(1407050007, 1407050, 'SIALANG RINDANG\r'),
(1407050008, 1407050, 'TAMBUSAI TIMUR\r'),
(1407050009, 1407050, 'SUKAMAJU\r'),
(1407050015, 1407050, 'BATANG KUMU\r'),
(1407050016, 1407050, 'TINGKOK\r'),
(1407050017, 1407050, 'LUBUK SOTING\r'),
(1407051001, 1407051, 'SUKA DAMAI\r'),
(1407051002, 1407051, 'MAHATO SAKTI\r'),
(1407051003, 1407051, 'RANTAU SAKTI\r'),
(1407051004, 1407051, 'PAYUNG SEKAKI\r'),
(1407051005, 1407051, 'PAGAR MAYANG\r'),
(1407051006, 1407051, 'SIMPANG HARAPAN\r'),
(1407051007, 1407051, 'MEKAR JAYA\r'),
(1407051008, 1407051, 'BANGUN JAYA\r'),
(1407051009, 1407051, 'TAMBUSAI UTARA\r'),
(1407051010, 1407051, 'TANJUNG MEDAN\r'),
(1407051011, 1407051, 'MAHATO\r'),
(1407060004, 1407060, 'KEPENUHAN TENGAH\r'),
(1407060005, 1407060, 'KEPENUHAN BARAT\r'),
(1407060006, 1407060, 'KEPENUHAN RAYA\r'),
(1407060007, 1407060, 'KEPENUHAN BARU\r'),
(1407060009, 1407060, 'KEPENUHAN TIMUR\r'),
(1407060010, 1407060, 'KEPENUHAN HILIR\r'),
(1407060013, 1407060, 'ULAK PATIAN\r'),
(1407060016, 1407060, 'RANTAU BINUANG SAKTI\r'),
(1407060017, 1407060, 'KEPENUHAN BARAT MULYA\r'),
(1407060018, 1407060, 'KEPENUHAN BARAT SUNGAI ROKAN JAYA\r'),
(1407061001, 1407061, 'KEPENUHAN JAYA\r'),
(1407061002, 1407061, 'KEPENUHAN HULU\r'),
(1407061003, 1407061, 'MUARA JAYA\r'),
(1407061004, 1407061, 'PEKAN TEBIH\r'),
(1407061005, 1407061, 'KEPAYANG\r'),
(1407070002, 1407070, 'KOTA INTAN\r'),
(1407070003, 1407070, 'KOTA LAMA\r'),
(1407070006, 1407070, 'BUKIT INTAN MAKMUR\r'),
(1407070008, 1407070, 'BAGAN TUJUH\r'),
(1407070011, 1407070, 'KOTA RAYA\r'),
(1407070012, 1407070, 'KOTA BARU\r'),
(1407070013, 1407070, 'SUNGAI KUTI\r');
INSERT INTO `master_desa` (`id_desa`, `id_kecamatan`, `nama_desa`) VALUES
(1407070014, 1407070, 'PASIR INDAH\r'),
(1407070015, 1407070, 'MUARA DILAM\r'),
(1407070016, 1407070, 'PASIR LUHUR\r'),
(1407071001, 1407071, 'PAGARAN TAPAH\r'),
(1407071002, 1407071, 'KEMBANG DAMAI\r'),
(1407071005, 1407071, 'SANGKIR INDAH\r'),
(1407072001, 1407072, 'TELUK SONO\r'),
(1407072002, 1407072, 'RAWA MAKMUR\r'),
(1407072003, 1407072, 'SONTANG\r'),
(1407072004, 1407072, 'BONAI\r'),
(1407072005, 1407072, 'PAUH\r'),
(1407072006, 1407072, 'KASANG PADANG\r'),
(1407072007, 1407072, 'KASANG MUNGKAL\r'),
(1408010013, 1408010, 'TALANG MANDI\r'),
(1408010014, 1408010, 'HARAPAN BARU\r'),
(1408010015, 1408010, 'GAJAH SAKTI\r'),
(1408010016, 1408010, 'BATANG SEROSA\r'),
(1408010017, 1408010, 'BALIK ALAM\r'),
(1408010018, 1408010, 'DURI BARAT\r'),
(1408010019, 1408010, 'DURI TIMUR\r'),
(1408010020, 1408010, 'BABUSSALAM\r'),
(1408010021, 1408010, 'AIR JAMBAN\r'),
(1408010025, 1408010, 'PEMATANG PUDU\r'),
(1408010028, 1408010, 'BATHIN BETUAH\r'),
(1408011001, 1408011, 'PINGGIR\r'),
(1408011002, 1408011, 'SEMUNAI\r'),
(1408011003, 1408011, 'TENGGANAU\r'),
(1408011004, 1408011, 'BALAI PUNGUT\r'),
(1408011005, 1408011, 'MUARA BASUNG\r'),
(1408011011, 1408011, 'TITIAN ANTUI\r'),
(1408011012, 1408011, 'BALAI RAJA\r'),
(1408011014, 1408011, 'SUNGAI MERANTI\r'),
(1408011015, 1408011, 'PANGKALAN LIBUT\r'),
(1408011016, 1408011, 'BULUH APO\r'),
(1408012001, 1408012, 'BULUH MANIS\r'),
(1408012002, 1408012, 'PETANI\r'),
(1408012003, 1408012, 'TAMBUSAI BATANG DUI\r'),
(1408012004, 1408012, 'SIMPANG PADANG\r'),
(1408012005, 1408012, 'PEMATANG OBO\r'),
(1408012006, 1408012, 'BALAI MAKAM\r'),
(1408012007, 1408012, 'AIR KULIM\r'),
(1408012008, 1408012, 'BONCAH MAHANG\r'),
(1408012009, 1408012, 'SEBANGAR\r'),
(1408012010, 1408012, 'PAMESI\r'),
(1408012011, 1408012, 'BUMBUNG\r'),
(1408012012, 1408012, 'KESUMBO AMPAI\r'),
(1408012013, 1408012, 'BATHIN SOBANGA\r'),
(1408013001, 1408013, 'MELIBUR\r'),
(1408013002, 1408013, 'BERINGIN\r'),
(1408013003, 1408013, 'KUALA PENASO\r'),
(1408013004, 1408013, 'KOTO PAIT BERINGIN\r'),
(1408013005, 1408013, 'SERAI WANGI\r'),
(1408013006, 1408013, 'TASIK TEBING SERAI\r'),
(1408013007, 1408013, 'TASIK SERAI TIMUR\r'),
(1408013008, 1408013, 'TASIK SERAI\r'),
(1408013009, 1408013, 'TASIK SERAI BARAT\r'),
(1408020005, 1408020, 'PANGKALAN JAMBI\r'),
(1408020014, 1408020, 'DOMPAS\r'),
(1408020015, 1408020, 'SEJANGAT\r'),
(1408020016, 1408020, 'SUNGAI PAKNING\r'),
(1408020017, 1408020, 'SUNGAI SELARI\r'),
(1408020018, 1408020, 'BURUK BAKUL\r'),
(1408020019, 1408020, 'BUKIT BATU\r'),
(1408020020, 1408020, 'SUKAJADI\r'),
(1408020029, 1408020, 'PAKNING ASAL\r'),
(1408020030, 1408020, 'BATANG DUKU\r'),
(1408021001, 1408021, 'LANGKAT\r'),
(1408021002, 1408021, 'SEPOTONG\r'),
(1408021003, 1408021, 'SUNGAI SIPUT\r'),
(1408021004, 1408021, 'LUBUK MUDA\r'),
(1408021005, 1408021, 'LUBUK GARAM\r'),
(1408021006, 1408021, 'TANJUNG BELIT\r'),
(1408021007, 1408021, 'LUBUK GAUNG\r'),
(1408021008, 1408021, 'SADAR JAYA\r'),
(1408021009, 1408021, 'MUARA DUA\r'),
(1408021010, 1408021, 'BANDAR JAYA\r'),
(1408021011, 1408021, 'SUNGAI LINAU\r'),
(1408021012, 1408021, 'TANJUNG DAMAI\r'),
(1408021013, 1408021, 'SUMBER JAYA\r'),
(1408021014, 1408021, 'SUNGAI NIBUNG\r'),
(1408021015, 1408021, 'KOTO RAJA\r'),
(1408021016, 1408021, 'LIANG BANIR\r'),
(1408021017, 1408021, 'TANJUNG DATUK\r'),
(1408022001, 1408022, 'PARIT I API API\r'),
(1408022002, 1408022, 'TEMIANG\r'),
(1408022003, 1408022, 'API API\r'),
(1408022004, 1408022, 'TENGGAYUN\r'),
(1408022005, 1408022, 'SEPAHAT\r'),
(1408022006, 1408022, 'BUKIT KERIKIL\r'),
(1408022007, 1408022, 'TANJUNG LEBAN\r'),
(1408030001, 1408030, 'TANJUNG KAPAL\r'),
(1408030002, 1408030, 'BATU PANJANG\r'),
(1408030003, 1408030, 'TERKUL\r'),
(1408030004, 1408030, 'PERGAM\r'),
(1408030005, 1408030, 'TELUK LECAH\r'),
(1408030006, 1408030, 'SEI CINGAM\r'),
(1408030007, 1408030, 'PANGKALAN NYIRIH\r'),
(1408030008, 1408030, 'HUTAN PANJANG\r'),
(1408030014, 1408030, 'MAKERUH\r'),
(1408030015, 1408030, 'SUKARJO MESIM\r'),
(1408030016, 1408030, 'PARIT KEBUMEN\r'),
(1408030017, 1408030, 'DARUL AMAN\r'),
(1408030018, 1408030, 'SRI TANJUNG\r'),
(1408030019, 1408030, 'PANCUR JAYA\r'),
(1408030020, 1408030, 'PANGKALAN PINANG\r'),
(1408030021, 1408030, 'DUNGUN BARU\r'),
(1408031001, 1408031, 'TITI AKAR\r'),
(1408031002, 1408031, 'TANJUNG MEDANG\r'),
(1408031003, 1408031, 'TELUK RHU\r'),
(1408031004, 1408031, 'TANJUNG PUNAK\r'),
(1408031005, 1408031, 'KADUR\r'),
(1408031006, 1408031, 'HUTAN AYU\r'),
(1408031007, 1408031, 'SUKADAMAI\r'),
(1408031008, 1408031, 'PUTRI SEMBILAN\r'),
(1408040001, 1408040, 'SEKODI\r'),
(1408040002, 1408040, 'KELEMANTAN\r'),
(1408040003, 1408040, 'KETAM PUTIH\r'),
(1408040004, 1408040, 'PEMATANG DUKU\r'),
(1408040005, 1408040, 'PENEBAL\r'),
(1408040006, 1408040, 'TEMERAN\r'),
(1408040007, 1408040, 'PENAMPI\r'),
(1408040008, 1408040, 'SUNGAI ALAM\r'),
(1408040009, 1408040, 'AIR PUTIH\r'),
(1408040010, 1408040, 'SENGGORO\r'),
(1408040011, 1408040, 'RIMBA SEKAMPUNG\r'),
(1408040012, 1408040, 'BENGKALIS KOTA\r'),
(1408040013, 1408040, 'WONOSARI\r'),
(1408040014, 1408040, 'DAMON\r'),
(1408040015, 1408040, 'KELAPA PATI\r'),
(1408040016, 1408040, 'PEDEKIK\r'),
(1408040017, 1408040, 'PANGKALAN BATANG\r'),
(1408040018, 1408040, 'SEBAUK\r'),
(1408040019, 1408040, 'TELUK LATAK\r'),
(1408040020, 1408040, 'MESKOM\r'),
(1408040021, 1408040, 'PALKUN\r'),
(1408040022, 1408040, 'KELEMANTAN BARAT\r'),
(1408040023, 1408040, 'SUNGAI BATANG\r'),
(1408040024, 1408040, 'PEMATANG DUKU TIMUR\r'),
(1408040025, 1408040, 'DAMAI\r'),
(1408040026, 1408040, 'KELEBUK\r'),
(1408040027, 1408040, 'KUALA ALAM\r'),
(1408040028, 1408040, 'PANGKALAN BATANG BARAT\r'),
(1408040029, 1408040, 'SENDERAK\r'),
(1408040030, 1408040, 'PRAPAT TUNGGAL\r'),
(1408040031, 1408040, 'SIMPANG AYAM\r'),
(1408050001, 1408050, 'TELUK LANCAR\r'),
(1408050002, 1408050, 'KEMBUNG LUAR\r'),
(1408050003, 1408050, 'TELUK PAMBANG\r'),
(1408050004, 1408050, 'MUNTAI\r'),
(1408050005, 1408050, 'BANTAN AIR\r'),
(1408050006, 1408050, 'BANTAN TENGAH\r'),
(1408050007, 1408050, 'SELAT BARU\r'),
(1408050008, 1408050, 'BANTAN TUA\r'),
(1408050009, 1408050, 'JANGKANG\r'),
(1408050010, 1408050, 'KEMBUNG BARU\r'),
(1408050011, 1408050, 'PAMBANG PESISIR\r'),
(1408050012, 1408050, 'PAMBANG BARU\r'),
(1408050013, 1408050, 'SUKA MAJU\r'),
(1408050014, 1408050, 'MUNTAI BARAT\r'),
(1408050015, 1408050, 'BANTAN SARI\r'),
(1408050016, 1408050, 'BANTAN TIMUR\r'),
(1408050017, 1408050, 'TELUK PAPAL\r'),
(1408050018, 1408050, 'ULU PULAU\r'),
(1408050019, 1408050, 'MENTAYAN\r'),
(1408050020, 1408050, 'RESAM LAPIS\r'),
(1408050021, 1408050, 'BERANCAH\r'),
(1408050022, 1408050, 'PASIRAN\r'),
(1408050023, 1408050, 'DELUK\r'),
(1409010006, 1409010, 'PUTAT\r'),
(1409010009, 1409010, 'SEKELADI\r'),
(1409010010, 1409010, 'SINTONG\r'),
(1409010011, 1409010, 'TELUK MEGA\r'),
(1409010012, 1409010, 'SEDINGINAN\r'),
(1409010013, 1409010, 'BANJAR XII\r'),
(1409010014, 1409010, 'RANTAU BAIS\r'),
(1409010015, 1409010, 'UJUNG TANJUNG\r'),
(1409010016, 1409010, 'MUMUGO\r'),
(1409010017, 1409010, 'TELUK BEREMBUN\r'),
(1409010018, 1409010, 'MENGGALA SAKTI\r'),
(1409010019, 1409010, 'MENGGALA SEMPURNA\r'),
(1409010020, 1409010, 'SEKELADI HILIR\r'),
(1409010021, 1409010, 'SINTONG MAKMUR\r'),
(1409010022, 1409010, 'SINTONG BAKTI\r'),
(1409010023, 1409010, 'SINTONG PUSAKA\r'),
(1409010024, 1409010, 'MENGGALA TELADAN\r'),
(1409010025, 1409010, 'CEMPEDAK RAHUK\r'),
(1409011002, 1409011, 'PUJUD\r'),
(1409011003, 1409011, 'TELUK NAYANG\r'),
(1409011004, 1409011, 'AIR HITAM\r'),
(1409011005, 1409011, 'SIARANG ARANG\r'),
(1409011020, 1409011, 'KASANG BANGSAWAN\r'),
(1409011021, 1409011, 'SUNGAI PINANG\r'),
(1409011024, 1409011, 'SUKA JADI\r'),
(1409011034, 1409011, 'PERKEBUNAN SIARANGARANG\r'),
(1409011035, 1409011, 'BABUSSALAM ROKAN\r'),
(1409011036, 1409011, 'PUJUD SELATAN\r'),
(1409011037, 1409011, 'PUJUD UTARA\r'),
(1409012001, 1409012, 'MELAYU BESAR\r'),
(1409012002, 1409012, 'MELAYU TENGAH\r'),
(1409012003, 1409012, 'BATU HAMPAR\r'),
(1409012004, 1409012, 'MESAH\r'),
(1409012005, 1409012, 'LABUHAN PAPAN\r'),
(1409012006, 1409012, 'MELAYU BESAR KOTA\r'),
(1409013001, 1409013, 'SEKAPAS\r'),
(1409013002, 1409013, 'BAGAN CEMPEDAK\r'),
(1409013003, 1409013, 'RANTAU KOPAR\r'),
(1409013004, 1409013, 'SUNGAI RANGAU\r'),
(1409014001, 1409014, 'SEI MERANTI DARUSSALAM\r'),
(1409014002, 1409014, 'AKAR BELINGKAR\r'),
(1409014003, 1409014, 'SEI MERANTI\r'),
(1409014004, 1409014, 'SEI TAPAH\r'),
(1409014005, 1409014, 'TANJUNG MEDAN\r'),
(1409014006, 1409014, 'TANGGA BATU\r'),
(1409014007, 1409014, 'TANJUNG MEDAN BARAT\r'),
(1409014008, 1409014, 'TANJUNG SARI\r'),
(1409014009, 1409014, 'PONDOK KRESEK\r'),
(1409014010, 1409014, 'PERKEBUNAN TANJUNG MEDAN\r'),
(1409014011, 1409014, 'SRI KAYANGAN\r'),
(1409014012, 1409014, 'TANJUNG MEDAN UTARA\r'),
(1409020001, 1409020, 'BAHTERA MAKMUR\r'),
(1409020002, 1409020, 'GELORA\r'),
(1409020003, 1409020, 'PELITA\r'),
(1409020014, 1409020, 'BAGAN BATU\r'),
(1409020015, 1409020, 'SUKA MAJU\r'),
(1409020016, 1409020, 'BAGAN MANUNGGAL\r'),
(1409020017, 1409020, 'BAGAN SAPTA PERMAI\r'),
(1409020018, 1409020, 'BAKTI MAKMUR\r'),
(1409020021, 1409020, 'JAYA AGUNG\r'),
(1409020022, 1409020, 'MERANTI MAKMUR\r'),
(1409020025, 1409020, 'BAYANGKARA JAYA\r'),
(1409020031, 1409020, 'BAHTERA MAKMUR KOTA\r'),
(1409020032, 1409020, 'BAGAN BATU KOTA\r'),
(1409020035, 1409020, 'BAGAN BATU BARAT\r'),
(1409020037, 1409020, 'MURINI MAKMUR\r'),
(1409021001, 1409021, 'SIMPANG KANAN\r'),
(1409021002, 1409021, 'KOTA PARIT\r'),
(1409021003, 1409021, 'BAGAN NIBUNG\r'),
(1409021004, 1409021, 'BUKIT DAMAR\r'),
(1409021005, 1409021, 'BUKIT MAS\r'),
(1409021006, 1409021, 'BUKIT SELAMAT\r'),
(1409022001, 1409022, 'BAGAN SINEMBAH KOTA\r'),
(1409022002, 1409022, 'HARAPAN MAKMUR SELATAN\r'),
(1409022003, 1409022, 'HARAPAN MAKMUR\r'),
(1409022004, 1409022, 'BAGAN SINEMBAH\r'),
(1409022005, 1409022, 'SALAK\r'),
(1409022006, 1409022, 'PANCA MUKTI\r'),
(1409022007, 1409022, 'MAKMUR JAYA\r'),
(1409022008, 1409022, 'BAGAN SINEMBAH BARAT\r'),
(1409022009, 1409022, 'BAGAN SINEMBAH TIMUR\r'),
(1409022010, 1409022, 'BAGAN SINEMBAH UTARA\r'),
(1409023001, 1409023, 'PASIR PUTIH\r'),
(1409023002, 1409023, 'BALAI JAYA\r'),
(1409023003, 1409023, 'BALAM SEMPURNA\r'),
(1409023004, 1409023, 'BALAM SEMPURNA KOTA\r'),
(1409023005, 1409023, 'BALAM JAYA\r'),
(1409023006, 1409023, 'BALAI JAYA KOTA\r'),
(1409023007, 1409023, 'PASIR PUTIH UTARA\r'),
(1409023008, 1409023, 'KENCANA\r'),
(1409023009, 1409023, 'BAGAN BHAKTI\r'),
(1409023010, 1409023, 'PASIR PUTIH BARAT\r'),
(1409023011, 1409023, 'LUBUK JAWI\r'),
(1409030007, 1409030, 'TELUK MERBAU\r'),
(1409030008, 1409030, 'RANTAU PANJANG KANAN\r'),
(1409030009, 1409030, 'SUNGAI KUBU\r'),
(1409030010, 1409030, 'TANJUNG LEBAN\r'),
(1409030011, 1409030, 'SUNGAI SIGAJAH\r'),
(1409030012, 1409030, 'TELUK PIYAI\r'),
(1409030015, 1409030, 'SEI SEGAJAH MAKMUR\r'),
(1409030016, 1409030, 'SUNGAI KUBU HULU\r'),
(1409030017, 1409030, 'TELUK PIYAI PESISIR\r'),
(1409030018, 1409030, 'SUNGAI SIGAJAH JAYA\r'),
(1409031001, 1409031, 'SUNGAI DAUN\r'),
(1409031002, 1409031, 'PASIR LIMAU KAPAS\r'),
(1409031003, 1409031, 'PANIPAHAN\r'),
(1409031004, 1409031, 'TELUK PULAI\r'),
(1409031005, 1409031, 'PANIPAHAN LAUT\r'),
(1409031006, 1409031, 'PANIPAHAN DARAT\r'),
(1409031007, 1409031, 'PULAU JEMUR\r'),
(1409031008, 1409031, 'PANIPAHAN\r'),
(1409032001, 1409032, 'TELUK NILAP\r'),
(1409032002, 1409032, 'SUNGAI MAJO\r'),
(1409032003, 1409032, 'SUNGAI PINANG\r'),
(1409032004, 1409032, 'RANTAU PANJANG KIRI\r'),
(1409032005, 1409032, 'RANTAU PANJANG KIRI HILIR\r'),
(1409032006, 1409032, 'JOJOL\r'),
(1409032007, 1409032, 'SUNGAI PANJI PANJI\r'),
(1409032008, 1409032, 'PULAU HALANG BELAKANG\r'),
(1409032009, 1409032, 'PULAU HALANG MUKA\r'),
(1409032010, 1409032, 'SUNGAI MAJO PUSAKO\r'),
(1409032011, 1409032, 'PULAU HALANG HULU\r'),
(1409032012, 1409032, 'TELUK NILAP JAYA\r'),
(1409040008, 1409040, 'LABUHAN TANGGA KECIL\r'),
(1409040009, 1409040, 'LABUHAN TANGGA BESAR\r'),
(1409040010, 1409040, 'BAGAN PUNAK\r'),
(1409040013, 1409040, 'BAGAN HULU\r'),
(1409040014, 1409040, 'BAGAN TIMUR\r'),
(1409040015, 1409040, 'BAGAN KOTA\r'),
(1409040016, 1409040, 'BAGAN BARAT\r'),
(1409040017, 1409040, 'BAGAN JAWA\r'),
(1409040018, 1409040, 'PARIT AMAN\r'),
(1409040019, 1409040, 'LABUHAN TANGGA BARU\r'),
(1409040020, 1409040, 'BAGAN PUNAK PESISIR\r'),
(1409040021, 1409040, 'BAGAN JAWA PESISIR\r'),
(1409040022, 1409040, 'BAGAN PUNAK MERANTI\r'),
(1409040023, 1409040, 'SERUSA\r'),
(1409040024, 1409040, 'LABUHAN TANGGA HILIR\r'),
(1409041001, 1409041, 'RAJA BEJAMU\r'),
(1409041002, 1409041, 'SUNGAI BAKAU\r'),
(1409041003, 1409041, 'SINABOI\r'),
(1409041004, 1409041, 'SEI NYAMUK\r'),
(1409041005, 1409041, 'DARUSSALAM\r'),
(1409041006, 1409041, 'SINABOI KOTA\r'),
(1409042001, 1409042, 'BANTAYAN\r'),
(1409042002, 1409042, 'BANTAYAN BARU\r'),
(1409042003, 1409042, 'BANTAYAN HILIR\r'),
(1409042004, 1409042, 'SUNGAI SIALANG HULU\r'),
(1409042005, 1409042, 'SUNGAI SIALANG\r'),
(1409043001, 1409043, 'ROKAN BARU\r'),
(1409043002, 1409043, 'TELUK BANO II\r'),
(1409043003, 1409043, 'SUAK TEMENGGUNG\r'),
(1409043006, 1409043, 'PEDAMARAN\r'),
(1409043007, 1409043, 'SUAK AIR HITAM\r'),
(1409043011, 1409043, 'SUNGAI BESAR\r'),
(1409043012, 1409043, 'PEKAITAN\r'),
(1409043025, 1409043, 'KUBU I\r'),
(1409043026, 1409043, 'KARYA MULYO SARI\r'),
(1409043027, 1409043, 'ROKAN BARU PESISIR\r'),
(1409050005, 1409050, 'KARYA MUKTI\r'),
(1409050008, 1409050, 'RIMBA MELINTANG\r'),
(1409050009, 1409050, 'JUMRAH\r'),
(1409050010, 1409050, 'TELUK PULAU HULU\r'),
(1409050011, 1409050, 'TELUK PULAU HILIR\r'),
(1409050012, 1409050, 'LENGGADAI HULU\r'),
(1409050013, 1409050, 'MUKTI JAYA\r'),
(1409050017, 1409050, 'LENGGADAI HILIR\r'),
(1409050018, 1409050, 'PEMATANG BOTAM\r'),
(1409050019, 1409050, 'HARAPAN JAYA\r'),
(1409050020, 1409050, 'SEREMBAN JAYA\r'),
(1409050021, 1409050, 'PEMATANG SIKEK\r'),
(1409051001, 1409051, 'BANGKO SEMPURNA\r'),
(1409051002, 1409051, 'BANGKO BAKTI\r'),
(1409051003, 1409051, 'BANGKO JAYA\r'),
(1409051004, 1409051, 'BANGKO PUSAKA\r'),
(1409051005, 1409051, 'BANGKO MAKMUR\r'),
(1409051006, 1409051, 'BANGKO KIRI\r'),
(1409051007, 1409051, 'BANGKO KANAN\r'),
(1409051008, 1409051, 'SUNGAI MANASIB\r'),
(1409051009, 1409051, 'TELUK BANO I\r'),
(1409051010, 1409051, 'PEMATANG IBUL\r'),
(1409051011, 1409051, 'PEMATANG DAMAR\r'),
(1409051012, 1409051, 'BANGKO PERMATA\r'),
(1409051013, 1409051, 'BANGKO MUKTI\r'),
(1409051014, 1409051, 'BANGKO LESTARI\r'),
(1409051015, 1409051, 'BANGKO BALAM\r'),
(1409051016, 1409051, 'BANGKO MASRAYA\r'),
(1410010001, 1410010, 'TANJUNG PERANAP\r'),
(1410010002, 1410010, 'TANJUNG\r'),
(1410010003, 1410010, 'INSIT\r'),
(1410010004, 1410010, 'TENAN\r'),
(1410010005, 1410010, 'KUNDUR\r'),
(1410010006, 1410010, 'BATANG MALAS\r'),
(1410010007, 1410010, 'ALAI\r'),
(1410010008, 1410010, 'MEKONG\r'),
(1410010009, 1410010, 'MANTIASA\r'),
(1410010010, 1410010, 'GOGOK DARUSSALAM\r'),
(1410010011, 1410010, 'MAINI DARUL AMAN\r'),
(1410010012, 1410010, 'MENGKIKIP\r'),
(1410010013, 1410010, 'ALAI SELATAN\r'),
(1410010014, 1410010, 'TANJUNG DARUL TAKZIM\r'),
(1410020008, 1410020, 'SESAP\r'),
(1410020009, 1410020, 'BANGLAS BARAT\r'),
(1410020010, 1410020, 'BANGLAS\r'),
(1410020011, 1410020, 'SELAT PANJANG TIMUR\r'),
(1410020012, 1410020, 'SELAT PANJANG SELATAN\r'),
(1410020013, 1410020, 'ALAH AIR\r'),
(1410020014, 1410020, 'ALAH AIR TIMUR\r'),
(1410020015, 1410020, 'SELAT PANJANG BARAT\r'),
(1410020016, 1410020, 'SELAT PANJANG KOTA\r'),
(1410021001, 1410021, 'KEPAU BARU\r'),
(1410021002, 1410021, 'TELUK BUNTAL\r'),
(1410021003, 1410021, 'TANJUNG GADAI\r'),
(1410021004, 1410021, 'TANJUNG SARI\r'),
(1410021005, 1410021, 'NIPAH SENDANU\r'),
(1410021006, 1410021, 'SUNGAI TOHOR\r'),
(1410021007, 1410021, 'LUKUN\r'),
(1410021008, 1410021, 'SUNGAI TOHOR BARAT\r'),
(1410021009, 1410021, 'SENDANU DARUL IHSAN\r'),
(1410021010, 1410021, 'BATIN SUIR\r'),
(1410030005, 1410030, 'REPAN\r'),
(1410030006, 1410030, 'PENYAGUN\r'),
(1410030007, 1410030, 'GEMALA SARI\r'),
(1410030008, 1410030, 'SUNGAI GAYUNG KIRI\r'),
(1410030009, 1410030, 'TANJUNG MEDANG\r'),
(1410030010, 1410030, 'TELUK SAMAK\r'),
(1410030011, 1410030, 'TANJUNG SAMAK\r'),
(1410030012, 1410030, 'TANJUNG BAKAU\r'),
(1410030013, 1410030, 'TOPANG\r'),
(1410030014, 1410030, 'CITRA DAMAI\r'),
(1410030016, 1410030, 'DWI TUNGGAL\r'),
(1410030017, 1410030, 'WONOSARI\r'),
(1410030018, 1410030, 'TEBUN\r'),
(1410030020, 1410030, 'TANJUNG GEMUK\r'),
(1410031001, 1410031, 'BETING\r'),
(1410031002, 1410031, 'SOKOP\r'),
(1410031003, 1410031, 'BUNGUR\r'),
(1410031004, 1410031, 'TANJUNG KEDABU\r'),
(1410031005, 1410031, 'TELESUNG\r'),
(1410031006, 1410031, 'TENGGAYUN RAYA\r'),
(1410031007, 1410031, 'SONDE\r'),
(1410031008, 1410031, 'KAYU ARA\r'),
(1410031009, 1410031, 'TANAH MERAH\r'),
(1410031010, 1410031, 'KEDABU RAPAT\r'),
(1410031011, 1410031, 'SENDAUR\r'),
(1410040001, 1410040, 'BANTAR\r'),
(1410040002, 1410040, 'ANAK SETATAH\r'),
(1410040003, 1410040, 'SEGOMENG\r'),
(1410040004, 1410040, 'SIALANG PASUNG\r'),
(1410040005, 1410040, 'LEMANG\r'),
(1410040006, 1410040, 'SUNGAI CINA\r'),
(1410040007, 1410040, 'BINA MAJU\r'),
(1410040008, 1410040, 'TELAGA BARU\r'),
(1410040009, 1410040, 'BOKOR\r'),
(1410040015, 1410040, 'MELAI\r'),
(1410040016, 1410040, 'PERMAI\r'),
(1410040017, 1410040, 'MEKAR BARU\r'),
(1410050001, 1410050, 'LUKIT\r'),
(1410050002, 1410050, 'MERANTI BUNTING\r'),
(1410050003, 1410050, 'TANJUNG KULIM\r'),
(1410050004, 1410050, 'PELANTAI\r'),
(1410050005, 1410050, 'MEKAR SARI\r'),
(1410050006, 1410050, 'TELUK BELITUNG\r'),
(1410050007, 1410050, 'BAGAN MELIBUR\r'),
(1410050016, 1410050, 'MAYANG SARI\r'),
(1410050019, 1410050, 'SUNGAI ANAK KAMAL\r'),
(1410050020, 1410050, 'SUNGAI TENGAH\r'),
(1410051001, 1410051, 'TELUK KETAPANG\r'),
(1410051002, 1410051, 'SEMUKUT\r'),
(1410051003, 1410051, 'CENTAI\r'),
(1410051004, 1410051, 'TANJUNG BUNGA\r'),
(1410051005, 1410051, 'RENAK DUNGUN\r'),
(1410051006, 1410051, 'BARAN MELINTANG\r'),
(1410051007, 1410051, 'KUALA MERBAU\r'),
(1410051008, 1410051, 'BATANG MERANTI\r'),
(1410051009, 1410051, 'PANGKALAN BALAI\r'),
(1410051010, 1410051, 'PADANG KAMAL\r'),
(1410051011, 1410051, 'KETAPANG PERMAI\r'),
(1410052001, 1410052, 'MENGKIRAU\r'),
(1410052002, 1410052, 'MENGKOPOT\r'),
(1410052003, 1410052, 'TANJUNG PISANG\r'),
(1410052004, 1410052, 'SELAT AKAR\r'),
(1410052005, 1410052, 'BANDUL\r'),
(1410052006, 1410052, 'KUDAP\r'),
(1410052007, 1410052, 'DEDAP\r'),
(1410052008, 1410052, 'MEKAR DELIMA\r'),
(1410052009, 1410052, 'PUTRI PUYU\r'),
(1410052010, 1410052, 'TANJUNG PADANG\r'),
(1471011001, 1471011, 'LABUH BARU TIMUR\r'),
(1471011002, 1471011, 'TAMPAN\r'),
(1471011003, 1471011, 'AIR HITAM\r'),
(1471011004, 1471011, 'LABUH BARU BARAT\r'),
(1471011005, 1471011, 'BANDAR RAYA\r'),
(1471011007, 1471011, 'TIRTA SIAK\r'),
(1471012001, 1471012, 'TUAH MADANI\r'),
(1471012002, 1471012, 'TUAH KARYA\r'),
(1471012003, 1471012, 'SIALANG MUNGGU\r'),
(1471012004, 1471012, 'SIDOMULYO BARAT\r'),
(1471012005, 1471012, 'AIR PUTIH\r'),
(1471013001, 1471013, 'SIMPANG BARU\r'),
(1471013002, 1471013, 'TOBEK GODANG\r'),
(1471013003, 1471013, 'DELIMA\r'),
(1471013004, 1471013, 'BINA WIDYA\r'),
(1471013005, 1471013, 'SUNGAI SIBAM\r'),
(1471020001, 1471020, 'SIMPANG TIGA\r'),
(1471020004, 1471020, 'TENGKERANG SELATAN\r'),
(1471020007, 1471020, 'TENGKERANG UTARA\r'),
(1471020011, 1471020, 'TENGKERANG LABUAI\r'),
(1471020012, 1471020, 'AIR DINGIN\r'),
(1471021001, 1471021, 'TENGKERANG TENGAH\r'),
(1471021002, 1471021, 'TENGKERANG BARAT\r'),
(1471021003, 1471021, 'MAHARATU\r'),
(1471021004, 1471021, 'SIDOMULYO TIMUR\r'),
(1471021005, 1471021, 'WONOREJO\r'),
(1471021006, 1471021, 'PERHENTIAN MARPOYAN\r'),
(1471022002, 1471022, 'TENGKERANG TIMUR\r'),
(1471022003, 1471022, 'REJOSARI\r'),
(1471022004, 1471022, 'BENCAH LESUNG\r'),
(1471022009, 1471022, 'SIALANG SAKTI\r'),
(1471022010, 1471022, 'TUAH NEGERI\r'),
(1471022011, 1471022, 'MELEBUNG\r'),
(1471022012, 1471022, 'INDUSTRI TENAYAN\r'),
(1471022013, 1471022, 'BAMBU KUNING\r'),
(1471023001, 1471023, 'PEBATUAN\r'),
(1471023002, 1471023, 'SIALANG RAMPAI\r'),
(1471023003, 1471023, 'MENTANGOR\r'),
(1471023004, 1471023, 'PEMATANG KAPAU\r'),
(1471023005, 1471023, 'KULIM\r'),
(1471030001, 1471030, 'RINTIS\r'),
(1471030002, 1471030, 'SEKIP\r'),
(1471030003, 1471030, 'TANJUNG RHU\r'),
(1471030004, 1471030, 'PESISIR\r'),
(1471040001, 1471040, 'CINTA RAJA\r'),
(1471040002, 1471040, 'SUKA MAJU\r'),
(1471040003, 1471040, 'SUKA MULIA\r'),
(1471050001, 1471050, 'SIMPANG EMPAT\r'),
(1471050002, 1471050, 'SUMAHILANG\r'),
(1471050003, 1471050, 'TANAH DATAR\r'),
(1471050004, 1471050, 'KOTA BARU\r'),
(1471050005, 1471050, 'SUKARAMAI\r'),
(1471050006, 1471050, 'KOTA TINGGI\r'),
(1471060002, 1471060, 'JADIREJO\r'),
(1471060003, 1471060, 'KAMPUNG TENGAH\r'),
(1471060004, 1471060, 'KAMPUNG MELAYU\r'),
(1471060005, 1471060, 'KEDUNGSARI\r'),
(1471060006, 1471060, 'HARJOSARI\r'),
(1471060007, 1471060, 'SUKAJADI\r'),
(1471060008, 1471060, 'PULAU KAROMAH\r'),
(1471070001, 1471070, 'PADANG BULAN\r'),
(1471070002, 1471070, 'PADANG TERUBUK\r'),
(1471070003, 1471070, 'SAGO\r'),
(1471070004, 1471070, 'KAMPUNG DALAM\r'),
(1471070005, 1471070, 'KAMPUNG BANDAR\r'),
(1471070006, 1471070, 'KAMPUNG BARU\r'),
(1471080001, 1471080, 'UMBAN SARI\r'),
(1471080008, 1471080, 'PALAS\r'),
(1471080009, 1471080, 'SRI MERANTI\r'),
(1471080014, 1471080, 'MERANTI PANDAK\r'),
(1471080015, 1471080, 'LEMBAH DAMAI\r'),
(1471080016, 1471080, 'LIMBUNGAN BARU\r'),
(1471082001, 1471082, 'AGROWISATA\r'),
(1471082002, 1471082, 'RUMBAI BUKIT\r'),
(1471082003, 1471082, 'MAHARANI\r'),
(1471082004, 1471082, 'RANTAU PANJANG\r'),
(1471082005, 1471082, 'MUARA FAJAR BARAT\r'),
(1471082006, 1471082, 'MUARA FAJAR TIMUR\r'),
(1471083001, 1471083, 'LIMBUNGAN\r'),
(1471083002, 1471083, 'LEMBAH SARI\r'),
(1471083003, 1471083, 'TEBING TINGGI OKURA\r'),
(1471083004, 1471083, 'SUNGAI AMBANG\r'),
(1471083005, 1471083, 'SUNGAI UKAI\r'),
(1473010001, 1473010, 'BUKIT NENAS\r'),
(1473010006, 1473010, 'BAGAN BESAR\r'),
(1473010007, 1473010, 'BUKIT KAYU KAPUR\r'),
(1473010008, 1473010, 'GURUN PANJANG\r'),
(1473010009, 1473010, 'KAMPUNG BARU\r'),
(1473010010, 1473010, 'BAGAN BESAR TIMUR\r'),
(1473010011, 1473010, 'BUKIT KAPUR\r'),
(1473011001, 1473011, 'PELINTUNG\r'),
(1473011002, 1473011, 'GUNTUNG\r'),
(1473011003, 1473011, 'TELUK MAKMUR\r'),
(1473011004, 1473011, 'MUNDAM\r'),
(1473012001, 1473012, 'BANGSAL ACEH\r'),
(1473012002, 1473012, 'LUBUK GAUNG\r'),
(1473012003, 1473012, 'BASILAM BARU\r'),
(1473012004, 1473012, 'BATU TERITIP\r'),
(1473012005, 1473012, 'TANJUNG PENYEMBAL\r'),
(1473012006, 1473012, 'SUNGAI GENIOT\r'),
(1473020005, 1473020, 'PANGKALAN SESAI\r'),
(1473020006, 1473020, 'PURNAMA\r'),
(1473020009, 1473020, 'SIMPANG TETAP DARUL IHSAN\r'),
(1473020010, 1473020, 'BAGAN KELADI\r'),
(1473021001, 1473021, 'MEKAR SARI\r'),
(1473021002, 1473021, 'BUKIT TIMAH\r'),
(1473021003, 1473021, 'BUMI AYU\r'),
(1473021004, 1473021, 'BUKIT DATUK\r'),
(1473021005, 1473021, 'RATU SIMA\r'),
(1473030001, 1473030, 'TANJUNG PALAS\r'),
(1473030002, 1473030, 'JAYA MUKTI\r'),
(1473030003, 1473030, 'TELUK BINJAI\r'),
(1473030006, 1473030, 'BULUH KASAP\r'),
(1473030007, 1473030, 'BUKIT BATREM\r'),
(1473031001, 1473031, 'RIMBA SEKAMPUNG\r'),
(1473031002, 1473031, 'SUKAJADI\r'),
(1473031003, 1473031, 'BINTAN\r'),
(1473031004, 1473031, 'DUMAI KOTA\r'),
(1473031005, 1473031, 'LAKSAMANA\r');

-- --------------------------------------------------------

--
-- Table structure for table `master_kabupaten`
--

CREATE TABLE `master_kabupaten` (
  `id_kabupaten` int UNSIGNED NOT NULL,
  `nama_kabupaten` varchar(255) COLLATE utf8mb4_general_ci NOT NULL
) ENGINE=InnoDB DEFAULT CHARSET=utf8mb4 COLLATE=utf8mb4_general_ci;

--
-- Dumping data for table `master_kabupaten`
--

INSERT INTO `master_kabupaten` (`id_kabupaten`, `nama_kabupaten`) VALUES
(1401, 'KUANTAN SINGINGI'),
(1402, 'INDRAGIRI HULU'),
(1403, 'INDRAGIRI HILIR'),
(1404, 'PELALAWAN'),
(1405, 'SIAK'),
(1406, 'KAMPAR'),
(1407, 'ROKAN HULU'),
(1408, 'BENGKALIS'),
(1409, 'ROKAN HILIR'),
(1410, 'KEPULAUAN MERANTI'),
(1471, 'KOTA PEKANBARU'),
(1473, 'KOTA DUMAI');

-- --------------------------------------------------------

--
-- Table structure for table `master_kecamatan`
--

CREATE TABLE `master_kecamatan` (
  `id_kecamatan` int UNSIGNED NOT NULL,
  `id_kabupaten` int UNSIGNED NOT NULL,
  `nama_kecamatan` varchar(255) COLLATE utf8mb4_general_ci NOT NULL
) ENGINE=InnoDB DEFAULT CHARSET=utf8mb4 COLLATE=utf8mb4_general_ci;

--
-- Dumping data for table `master_kecamatan`
--

INSERT INTO `master_kecamatan` (`id_kecamatan`, `id_kabupaten`, `nama_kecamatan`) VALUES
(1401010, 1401, 'KUANTAN MUDIK\r'),
(1401011, 1401, 'HULU KUANTAN\r'),
(1401012, 1401, 'GUNUNG TOAR\r'),
(1401013, 1401, 'PUCUK RANTAU\r'),
(1401020, 1401, 'SINGINGI\r'),
(1401021, 1401, 'SINGINGI HILIR\r'),
(1401030, 1401, 'KUANTAN TENGAH\r'),
(1401031, 1401, 'SENTAJO RAYA\r'),
(1401040, 1401, 'BENAI\r'),
(1401050, 1401, 'KUANTAN HILIR\r'),
(1401051, 1401, 'PANGEAN\r'),
(1401052, 1401, 'LOGAS TANAH DARAT\r'),
(1401053, 1401, 'KUANTAN HILIR SEBERANG\r'),
(1401060, 1401, 'CERENTI\r'),
(1401061, 1401, 'INUMAN\r'),
(1402010, 1402, 'PERANAP\r'),
(1402011, 1402, 'BATANG PERANAP\r'),
(1402020, 1402, 'SEBERIDA\r'),
(1402021, 1402, 'BATANG CENAKU\r'),
(1402022, 1402, 'BATANG GANSAL\r'),
(1402030, 1402, 'KELAYANG\r'),
(1402031, 1402, 'RAKIT KULIM\r'),
(1402040, 1402, 'PASIR PENYU\r'),
(1402041, 1402, 'LIRIK\r'),
(1402042, 1402, 'SUNGAI LALA\r'),
(1402043, 1402, 'LUBUK BATU JAYA\r'),
(1402050, 1402, 'RENGAT BARAT\r'),
(1402060, 1402, 'RENGAT\r'),
(1402061, 1402, 'KUALA CENAKU\r'),
(1403010, 1403, 'KERITANG\r'),
(1403011, 1403, 'KEMUNING\r'),
(1403020, 1403, 'RETEH\r'),
(1403021, 1403, 'SUNGAI BATANG\r'),
(1403030, 1403, 'ENOK\r'),
(1403040, 1403, 'TANAH MERAH\r'),
(1403050, 1403, 'KUALA INDRAGIRI\r'),
(1403051, 1403, 'CONCONG\r'),
(1403060, 1403, 'TEMBILAHAN\r'),
(1403061, 1403, 'TEMBILAHAN HULU\r'),
(1403070, 1403, 'TEMPULING\r'),
(1403071, 1403, 'KEMPAS\r'),
(1403080, 1403, 'BATANG TUAKA\r'),
(1403090, 1403, 'GAUNG ANAK SERKA\r'),
(1403100, 1403, 'GAUNG\r'),
(1403110, 1403, 'MANDAH\r'),
(1403120, 1403, 'KATEMAN\r'),
(1403121, 1403, 'PELANGIRAN\r'),
(1403122, 1403, 'TELUK BELENGKONG\r'),
(1403123, 1403, 'PULAU BURUNG\r'),
(1404010, 1404, 'LANGGAM\r'),
(1404011, 1404, 'PANGKALAN KERINCI\r'),
(1404012, 1404, 'BANDAR SEIKIJANG\r'),
(1404020, 1404, 'PANGKALAN KURAS\r'),
(1404021, 1404, 'UKUI\r'),
(1404022, 1404, 'PANGKALAN LESUNG\r'),
(1404030, 1404, 'BUNUT\r'),
(1404031, 1404, 'PELALAWAN\r'),
(1404032, 1404, 'BANDAR PETALANGAN\r'),
(1404040, 1404, 'KUALA KAMPAR\r'),
(1404041, 1404, 'KERUMUTAN\r'),
(1404042, 1404, 'TELUK MERANTI\r'),
(1405010, 1405, 'MINAS\r'),
(1405011, 1405, 'SUNGAI MANDAU\r'),
(1405012, 1405, 'KANDIS\r'),
(1405020, 1405, 'SIAK\r'),
(1405021, 1405, 'KERINCI KANAN\r'),
(1405022, 1405, 'TUALANG\r'),
(1405023, 1405, 'DAYUN\r'),
(1405024, 1405, 'LUBUK DALAM\r'),
(1405025, 1405, 'KOTO GASIB\r'),
(1405026, 1405, 'MEMPURA\r'),
(1405030, 1405, 'SUNGAI APIT\r'),
(1405031, 1405, 'BUNGA RAYA\r'),
(1405032, 1405, 'SABAK AUH\r'),
(1405033, 1405, 'PUSAKO\r'),
(1406010, 1406, 'KAMPAR KIRI\r'),
(1406011, 1406, 'KAMPAR KIRI HULU\r'),
(1406012, 1406, 'KAMPAR KIRI HILIR\r'),
(1406013, 1406, 'GUNUNG SAHILAN\r'),
(1406014, 1406, 'KAMPAR KIRI TENGAH\r'),
(1406020, 1406, 'XIII KOTO KAMPAR\r'),
(1406021, 1406, 'KOTO KAMPAR HULU\r'),
(1406030, 1406, 'KUOK\r'),
(1406031, 1406, 'SALO\r'),
(1406040, 1406, 'TAPUNG\r'),
(1406041, 1406, 'TAPUNG HULU\r'),
(1406042, 1406, 'TAPUNG HILIR\r'),
(1406050, 1406, 'BANGKINANG KOTA\r'),
(1406051, 1406, 'BANGKINANG\r'),
(1406060, 1406, 'KAMPAR\r'),
(1406061, 1406, 'KAMPA\r'),
(1406062, 1406, 'RUMBIO JAYA\r'),
(1406063, 1406, 'KAMPAR UTARA\r'),
(1406070, 1406, 'TAMBANG\r'),
(1406080, 1406, 'SIAK HULU\r'),
(1406081, 1406, 'PERHENTIAN RAJA\r'),
(1407010, 1407, 'ROKAN IV KOTO\r'),
(1407011, 1407, 'PENDALIAN IV KOTO\r'),
(1407020, 1407, 'TANDUN\r'),
(1407021, 1407, 'KABUN\r'),
(1407022, 1407, 'UJUNG BATU\r'),
(1407030, 1407, 'RAMBAH SAMO\r'),
(1407040, 1407, 'RAMBAH\r'),
(1407041, 1407, 'RAMBAH HILIR\r'),
(1407042, 1407, 'BANGUN PURBA\r'),
(1407050, 1407, 'TAMBUSAI\r'),
(1407051, 1407, 'TAMBUSAI UTARA\r'),
(1407060, 1407, 'KEPENUHAN\r'),
(1407061, 1407, 'KEPENUHAN HULU\r'),
(1407070, 1407, 'KUNTO DARUSSALAM\r'),
(1407071, 1407, 'PAGARAN TAPAH DARUSSALAM\r'),
(1407072, 1407, 'BONAI DARUSSALAM\r'),
(1408010, 1408, 'MANDAU\r'),
(1408011, 1408, 'PINGGIR\r'),
(1408012, 1408, 'BATHIN SOLAPAN\r'),
(1408013, 1408, 'TALANG MUANDAU\r'),
(1408020, 1408, 'BUKIT BATU\r'),
(1408021, 1408, 'SIAK KECIL\r'),
(1408022, 1408, 'BANDAR LAKSAMANA\r'),
(1408030, 1408, 'RUPAT\r'),
(1408031, 1408, 'RUPAT UTARA\r'),
(1408040, 1408, 'BENGKALIS\r'),
(1408050, 1408, 'BANTAN\r'),
(1409010, 1409, 'TANAH PUTIH\r'),
(1409011, 1409, 'PUJUD\r'),
(1409012, 1409, 'TANAH PUTIH TANJUNG MELAWAN\r'),
(1409013, 1409, 'RANTAU KOPAR\r'),
(1409014, 1409, 'TANJUNG MEDAN\r'),
(1409020, 1409, 'BAGAN SINEMBAH\r'),
(1409021, 1409, 'SIMPANG KANAN\r'),
(1409022, 1409, 'BAGAN SINEMBAH RAYA\r'),
(1409023, 1409, 'BALAI JAYA\r'),
(1409030, 1409, 'KUBU\r'),
(1409031, 1409, 'PASIR LIMAU KAPAS\r'),
(1409032, 1409, 'KUBU BABUSSALAM\r'),
(1409040, 1409, 'BANGKO\r'),
(1409041, 1409, 'SINABOI\r'),
(1409042, 1409, 'BATU HAMPAR\r'),
(1409043, 1409, 'PEKAITAN\r'),
(1409050, 1409, 'RIMBA MELINTANG\r'),
(1409051, 1409, 'BANGKO PUSAKO\r'),
(1410010, 1410, 'TEBING TINGGI BARAT\r'),
(1410020, 1410, 'TEBING TINGGI\r'),
(1410021, 1410, 'TEBING TINGGI TIMUR\r'),
(1410030, 1410, 'RANGSANG\r'),
(1410031, 1410, 'RANGSANG PESISIR\r'),
(1410040, 1410, 'RANGSANG BARAT\r'),
(1410050, 1410, 'MERBAU\r'),
(1410051, 1410, 'PULAU MERBAU\r'),
(1410052, 1410, 'TASIK PUTRI PUYU\r'),
(1471011, 1471, 'PAYUNG SEKAKI\r'),
(1471012, 1471, 'TUAHMADANI\r'),
(1471013, 1471, 'BINAWIDYA\r'),
(1471020, 1471, 'BUKIT RAYA\r'),
(1471021, 1471, 'MARPOYAN DAMAI\r'),
(1471022, 1471, 'TENAYAN RAYA\r'),
(1471023, 1471, 'KULIM\r'),
(1471030, 1471, 'LIMAPULUH\r'),
(1471040, 1471, 'SAIL\r'),
(1471050, 1471, 'PEKANBARU KOTA\r'),
(1471060, 1471, 'SUKAJADI\r'),
(1471070, 1471, 'SENAPELAN\r'),
(1471080, 1471, 'RUMBAI\r'),
(1471082, 1471, 'RUMBAI BARAT\r'),
(1471083, 1471, 'RUMBAI TIMUR\r'),
(1473010, 1473, 'BUKIT KAPUR\r'),
(1473011, 1473, 'MEDANG KAMPAI\r'),
(1473012, 1473, 'SUNGAI SEMBILAN\r'),
(1473020, 1473, 'DUMAI BARAT\r'),
(1473021, 1473, 'DUMAI SELATAN\r'),
(1473030, 1473, 'DUMAI TIMUR\r'),
(1473031, 1473, 'DUMAI KOTA\r');

-- --------------------------------------------------------

--
-- Table structure for table `master_kegiatan`
--

CREATE TABLE `master_kegiatan` (
  `id_kegiatan` int UNSIGNED NOT NULL,
  `id_output` int UNSIGNED NOT NULL,
  `nama_kegiatan` varchar(255) COLLATE utf8mb4_general_ci NOT NULL,
  `fungsi` varchar(255) COLLATE utf8mb4_general_ci DEFAULT NULL,
  `keterangan` text COLLATE utf8mb4_general_ci,
  `alias` varchar(50) COLLATE utf8mb4_general_ci DEFAULT NULL,
  `periode` varchar(50) COLLATE utf8mb4_general_ci DEFAULT NULL,
  `pelaksana` int DEFAULT NULL,
  `created_at` datetime DEFAULT NULL,
  `updated_at` datetime DEFAULT NULL
) ENGINE=InnoDB DEFAULT CHARSET=utf8mb4 COLLATE=utf8mb4_general_ci;

--
-- Dumping data for table `master_kegiatan`
--

INSERT INTO `master_kegiatan` (`id_kegiatan`, `id_output`, `nama_kegiatan`, `fungsi`, `keterangan`, `alias`, `periode`, `pelaksana`, `created_at`, `updated_at`) VALUES
(1, 1, 'Pendataan Masyarakat', 'Pendataan Pendapatan Masyarakat', 'Mencakup seluruh provinsi Riau', NULL, '2025', 2, NULL, NULL),
(2, 1, 'Pendataan Lahan Wilayah', 'Pendataan Luas Lahan', 'Mencakup seluruh provinsi Riau', NULL, '2026', 2, NULL, NULL),
(3, 2, 'SAKERNAS 2026', 'Sosial sosial', '-', NULL, 'Tahunan', 0, NULL, NULL),
(4, 3, 'SAKERNAS ', NULL, '', NULL, 'Semesteran', 0, NULL, NULL);

-- --------------------------------------------------------

--
-- Table structure for table `master_kegiatan_detail`
--

CREATE TABLE `master_kegiatan_detail` (
  `id_kegiatan_detail` int UNSIGNED NOT NULL,
  `id_kegiatan` int UNSIGNED NOT NULL,
  `nama_kegiatan_detail` varchar(255) COLLATE utf8mb4_general_ci NOT NULL,
  `satuan` varchar(50) COLLATE utf8mb4_general_ci DEFAULT NULL,
  `tanggal_mulai` date DEFAULT NULL,
  `tanggal_selesai` date DEFAULT NULL,
  `periode` varchar(50) COLLATE utf8mb4_general_ci DEFAULT NULL,
  `tahun` year DEFAULT NULL,
  `keterangan` text COLLATE utf8mb4_general_ci,
  `created_at` datetime DEFAULT NULL,
  `updated_at` datetime DEFAULT NULL
) ENGINE=InnoDB DEFAULT CHARSET=utf8mb4 COLLATE=utf8mb4_general_ci;

--
-- Dumping data for table `master_kegiatan_detail`
--

INSERT INTO `master_kegiatan_detail` (`id_kegiatan_detail`, `id_kegiatan`, `nama_kegiatan_detail`, `satuan`, `tanggal_mulai`, `tanggal_selesai`, `periode`, `tahun`, `keterangan`, `created_at`, `updated_at`) VALUES
(1, 1, 'Pendataan Pendapatan Masyarakat', 'Responden', '2025-10-27', '2025-11-27', 'Tahunan', '2025', '', '2025-10-27 14:26:35', '2025-10-27 14:26:35'),
(2, 1, 'Pendataan Ekonomi Masyarakat', 'Responden', '2025-10-27', '2025-11-27', 'Tahunan', '2025', '', '2025-10-27 14:28:41', '2025-10-27 14:28:41'),
(3, 3, 'SAKERNAS FEBRUARI 2026', 'Responden', '2025-10-27', '2025-11-28', 'Semester', '2025', '', '2025-10-27 14:44:36', '2025-11-12 08:12:40'),
(5, 4, 'SAKERNAS Desember 2025', 'Responden', '2025-12-04', '2025-12-31', 'Desember', '2025', '', '2025-12-04 10:38:11', '2025-12-04 10:38:11');

-- --------------------------------------------------------

--
-- Table structure for table `master_kegiatan_detail_admin`
--

CREATE TABLE `master_kegiatan_detail_admin` (
  `id` int NOT NULL,
  `id_admin_provinsi` int UNSIGNED NOT NULL,
  `id_kegiatan_detail` int UNSIGNED NOT NULL
) ENGINE=InnoDB DEFAULT CHARSET=utf8mb4 COLLATE=utf8mb4_general_ci;

--
-- Dumping data for table `master_kegiatan_detail_admin`
--

INSERT INTO `master_kegiatan_detail_admin` (`id`, `id_admin_provinsi`, `id_kegiatan_detail`) VALUES
(3, 3, 2),
(5, 4, 3),
(6, 5, 3),
(9, 6, 3),
(10, 4, 2),
(11, 7, 3),
(12, 7, 1),
(13, 8, 3),
(14, 7, 5);

-- --------------------------------------------------------

--
-- Table structure for table `master_kegiatan_detail_proses`
--

CREATE TABLE `master_kegiatan_detail_proses` (
  `id_kegiatan_detail_proses` int UNSIGNED NOT NULL,
  `id_kegiatan_detail` int UNSIGNED NOT NULL,
  `nama_kegiatan_detail_proses` varchar(255) COLLATE utf8mb4_general_ci NOT NULL,
  `satuan` varchar(50) COLLATE utf8mb4_general_ci DEFAULT NULL,
  `tanggal_mulai` date NOT NULL,
  `tanggal_selesai` date NOT NULL,
  `keterangan` text COLLATE utf8mb4_general_ci,
  `periode` varchar(50) COLLATE utf8mb4_general_ci DEFAULT NULL,
  `target` int NOT NULL,
  `persentase_target_awal` decimal(5,2) NOT NULL,
  `tanggal_selesai_target` date NOT NULL,
  `created_at` datetime DEFAULT NULL,
  `updated_at` datetime DEFAULT NULL
) ENGINE=InnoDB DEFAULT CHARSET=utf8mb4 COLLATE=utf8mb4_general_ci;

--
-- Dumping data for table `master_kegiatan_detail_proses`
--

INSERT INTO `master_kegiatan_detail_proses` (`id_kegiatan_detail_proses`, `id_kegiatan_detail`, `nama_kegiatan_detail_proses`, `satuan`, `tanggal_mulai`, `tanggal_selesai`, `keterangan`, `periode`, `target`, `persentase_target_awal`, `tanggal_selesai_target`, `created_at`, `updated_at`) VALUES
(1, 2, 'Pendataan Ekonomi Masyarakat Lapangan', 'unit', '2025-10-27', '2025-11-25', 'Takde', 'September', 1000, 5.00, '2025-11-20', '2025-10-28 08:34:03', '2025-10-28 08:34:03'),
(3, 1, 'Pendataan Pendapatan Masyarakat Lapangan', 'unit', '2025-12-01', '2026-01-30', 'apa kek', 'Tahunan', 2000, 5.00, '2026-01-22', '2025-10-29 08:11:25', '2025-12-10 14:59:00'),
(4, 1, 'Pendataan Pendapatan Masyarakat Proses', 'unit', '2025-10-29', '2025-11-29', 'sksksk', 'FEBRUARI', 1000, 5.00, '2025-11-25', '2025-10-29 14:00:53', '2025-10-29 14:00:53'),
(5, 3, 'Pencacahan Lahan Sawah Lapangan', 'unit', '2025-12-01', '2025-12-31', 'sdhsjd', 'Oktober', 1000, 5.00, '2025-12-25', '2025-11-13 10:25:27', '2025-12-10 14:55:33'),
(7, 3, 'SAKERNAS LAPANGAN', 'Responden', '2025-12-04', '2026-01-04', 'hahah', 'Desember', 10000, 2.00, '2025-12-31', '2025-12-04 08:35:24', '2025-12-04 08:35:24'),
(8, 5, 'SAKERNAS Lapangan Desember 2025', 'Responden', '2025-12-04', '2025-12-30', '-', 'Desember', 10000, 5.00, '2025-12-28', '2025-12-04 10:40:48', '2025-12-10 14:54:20');

-- --------------------------------------------------------

--
-- Table structure for table `master_output`
--

CREATE TABLE `master_output` (
  `id_output` int UNSIGNED NOT NULL,
  `nama_output` varchar(255) COLLATE utf8mb4_general_ci NOT NULL,
  `fungsi` varchar(255) COLLATE utf8mb4_general_ci DEFAULT NULL,
  `alias` varchar(100) COLLATE utf8mb4_general_ci DEFAULT NULL,
  `created_at` datetime DEFAULT NULL,
  `updated_at` datetime DEFAULT NULL
) ENGINE=InnoDB DEFAULT CHARSET=utf8mb4 COLLATE=utf8mb4_general_ci;

--
-- Dumping data for table `master_output`
--

INSERT INTO `master_output` (`id_output`, `nama_output`, `fungsi`, `alias`, `created_at`, `updated_at`) VALUES
(1, 'SUSENAS 2025', 'Survei Sosial Ekonomi Nasional', 'SUSENAS', NULL, NULL),
(2, 'Statistik Ketenagakerjaan', 'Sosial', 'NAKER', NULL, NULL),
(3, 'Statistik Kependudukan', 'Sosial', NULL, NULL, NULL);

-- --------------------------------------------------------

--
-- Table structure for table `migrations`
--

CREATE TABLE `migrations` (
  `id` bigint UNSIGNED NOT NULL,
  `version` varchar(255) COLLATE utf8mb4_general_ci NOT NULL,
  `class` varchar(255) COLLATE utf8mb4_general_ci NOT NULL,
  `group` varchar(255) COLLATE utf8mb4_general_ci NOT NULL,
  `namespace` varchar(255) COLLATE utf8mb4_general_ci NOT NULL,
  `time` int NOT NULL,
  `batch` int UNSIGNED NOT NULL
) ENGINE=InnoDB DEFAULT CHARSET=utf8mb4 COLLATE=utf8mb4_general_ci;

--
-- Dumping data for table `migrations`
--

INSERT INTO `migrations` (`id`, `version`, `class`, `group`, `namespace`, `time`, `batch`) VALUES
(1, '2025-10-27-112455', 'App\\Database\\Migrations\\CreateSipantauRoleTable', 'default', 'App', 1761539696, 1),
(2, '2025-10-27-112520', 'App\\Database\\Migrations\\CreateMasterKabupatenTable', 'default', 'App', 1761539696, 1),
(3, '2025-10-27-112634', 'App\\Database\\Migrations\\CreateMasterKecTable', 'default', 'App', 1761539696, 1),
(4, '2025-10-27-112650', 'App\\Database\\Migrations\\CreateMasterDesaTable', 'default', 'App', 1761539696, 1),
(5, '2025-10-27-112844', 'App\\Database\\Migrations\\CreateMasterOutputTable', 'default', 'App', 1761539696, 1),
(6, '2025-10-27-112917', 'App\\Database\\Migrations\\CreateMasterKegiatanTable', 'default', 'App', 1761539696, 1),
(7, '2025-10-27-112938', 'App\\Database\\Migrations\\CreateMasterKegiatanDetailTable', 'default', 'App', 1761539696, 1),
(8, '2025-10-27-113003', 'App\\Database\\Migrations\\CreateMasterKegiatanDetailProsesTable', 'default', 'App', 1761539696, 1),
(9, '2025-10-27-113024', 'App\\Database\\Migrations\\CreateSipantauUserTable', 'default', 'App', 1761539696, 1),
(10, '2025-10-27-113043', 'App\\Database\\Migrations\\KegiatanWilayah', 'default', 'App', 1761539696, 1),
(11, '2025-10-27-113055', 'App\\Database\\Migrations\\PML', 'default', 'App', 1761539696, 1),
(12, '2025-10-27-113110', 'App\\Database\\Migrations\\PCL', 'default', 'App', 1761539696, 1),
(13, '2025-10-27-113128', 'App\\Database\\Migrations\\SiPantauTransaksi', 'default', 'App', 1761539696, 1),
(14, '2025-10-27-113139', 'App\\Database\\Migrations\\PantauProgress', 'default', 'App', 1761539696, 1),
(15, '2025-10-27-113154', 'App\\Database\\Migrations\\KurvaPetugas', 'default', 'App', 1761539696, 1),
(16, '2025-10-27-113206', 'App\\Database\\Migrations\\KurvaProvinsi', 'default', 'App', 1761539696, 1),
(17, '2025-10-27-113222', 'App\\Database\\Migrations\\KurvaKabupaten', 'default', 'App', 1761539696, 1),
(18, '2025-10-27-113238', 'App\\Database\\Migrations\\SiPantauFeedback', 'default', 'App', 1761539696, 1),
(19, '2025-10-27-113256', 'App\\Database\\Migrations\\SiPantauAchievement', 'default', 'App', 1761539696, 1),
(20, '2025-10-27-113311', 'App\\Database\\Migrations\\AdminSurveiProvinsi', 'default', 'App', 1761539696, 1),
(21, '2025-10-27-113323', 'App\\Database\\Migrations\\AdminSurveiKabupaten', 'default', 'App', 1761539696, 1),
(22, '2025-10-27-113342', 'App\\Database\\Migrations\\MasterKegiatanDetailAdmin', 'default', 'App', 1761539696, 1),
(23, '2025-10-27-113402', 'App\\Database\\Migrations\\KegiatanWilayahAdmin', 'default', 'App', 1761539696, 1),
(24, '2025-11-13-034423', 'App\\Database\\Migrations\\AddIndexesToTables', 'default', 'App', 1763690747, 2),
(25, '2025-11-21-090234', 'App\\Database\\Migrations\\SiPantauFeedbackApps', 'default', 'App', 1763690747, 2),
(26, '2025-12-02-100241', 'App\\Database\\Migrations\\CreateKepatuhanSummaryTable', 'default', 'App', 1764644634, 3),
(27, '2025-12-02-100319', 'App\\Database\\Migrations\\CreateKepatuhanTrigger', 'default', 'App', 1764644634, 3),
(28, '2025-10-27-113256', 'App\\Database\\Migrations\\SipantauAchievement', 'default', 'App', 1764657858, 4),
(29, '2025-12-02-021316', 'App\\Database\\Migrations\\SipantauUserAchievement', 'default', 'App', 1764658286, 5);

-- --------------------------------------------------------

--
-- Table structure for table `pantau_progress`
--

CREATE TABLE `pantau_progress` (
  `id_pantau_progess` int UNSIGNED NOT NULL,
  `id_pcl` int UNSIGNED NOT NULL,
  `jumlah_realisasi_absolut` int NOT NULL,
  `jumlah_realisasi_kumulatif` int UNSIGNED NOT NULL,
  `catatan_aktivitas` text COLLATE utf8mb4_general_ci NOT NULL,
  `created_at` datetime DEFAULT NULL,
  `updated_at` datetime DEFAULT NULL
) ENGINE=InnoDB DEFAULT CHARSET=utf8mb4 COLLATE=utf8mb4_general_ci;

--
-- Dumping data for table `pantau_progress`
--

INSERT INTO `pantau_progress` (`id_pantau_progess`, `id_pcl`, `jumlah_realisasi_absolut`, `jumlah_realisasi_kumulatif`, `catatan_aktivitas`, `created_at`, `updated_at`) VALUES
(2, 10, 10, 10, 'haha', '2025-12-04 09:51:10', '2025-12-04 09:51:10'),
(3, 12, 50, 50, '-', '2025-12-04 10:48:55', '2025-12-04 10:48:55');

-- --------------------------------------------------------

--
-- Table structure for table `pcl`
--

CREATE TABLE `pcl` (
  `id_pcl` int UNSIGNED NOT NULL,
  `sobat_id` int UNSIGNED NOT NULL,
  `id_pml` int UNSIGNED NOT NULL,
  `target` int NOT NULL,
  `status_approval` tinyint(1) NOT NULL DEFAULT '0',
  `tanggal_approval` datetime DEFAULT NULL,
  `feedback_admin` text COLLATE utf8mb4_general_ci,
  `rating` tinyint(1) NOT NULL DEFAULT '3',
  `created_at` datetime DEFAULT NULL,
  `updated_at` datetime DEFAULT NULL
) ENGINE=InnoDB DEFAULT CHARSET=utf8mb4 COLLATE=utf8mb4_general_ci;

--
-- Dumping data for table `pcl`
--

INSERT INTO `pcl` (`id_pcl`, `sobat_id`, `id_pml`, `target`, `status_approval`, `tanggal_approval`, `feedback_admin`, `rating`, `created_at`, `updated_at`) VALUES
(6, 12345678, 5, 150, 0, NULL, 'anjay banget bro', 3, '2025-11-07 15:19:19', '2025-11-25 11:50:05'),
(7, 1002, 6, 200, 0, NULL, 'jelek sekali', 1, '2025-11-25 09:36:45', '2025-12-10 12:13:13'),
(8, 1003, 6, 200, 0, NULL, NULL, 3, '2025-11-25 09:36:45', '2025-11-25 09:36:45'),
(9, 12345678, 6, 600, 0, NULL, NULL, 3, '2025-11-25 09:36:45', '2025-11-25 09:36:45'),
(10, 12345678, 7, 600, 0, NULL, 'bismillah', 3, '2025-12-04 09:50:11', '2025-12-04 09:52:01'),
(11, 1234567812, 7, 600, 0, NULL, NULL, 3, '2025-12-04 09:50:11', '2025-12-04 09:50:11'),
(12, 12345678, 8, 50, 1, NULL, 'sangat buruk', 1, '2025-12-04 10:44:29', '2025-12-10 12:09:13'),
(13, 1234567812, 8, 100, 0, NULL, NULL, 3, '2025-12-04 10:44:29', '2025-12-04 10:44:29');

-- --------------------------------------------------------

--
-- Table structure for table `pml`
--

CREATE TABLE `pml` (
  `id_pml` int UNSIGNED NOT NULL,
  `sobat_id` int UNSIGNED NOT NULL,
  `id_kegiatan_wilayah` int UNSIGNED NOT NULL,
  `target` int NOT NULL,
  `status_approval` tinyint(1) NOT NULL DEFAULT '0',
  `tanggal_approval` datetime DEFAULT NULL,
  `feedback_admin` text COLLATE utf8mb4_general_ci,
  `created_at` datetime DEFAULT NULL,
  `updated_at` datetime DEFAULT NULL
) ENGINE=InnoDB DEFAULT CHARSET=utf8mb4 COLLATE=utf8mb4_general_ci;

--
-- Dumping data for table `pml`
--

INSERT INTO `pml` (`id_pml`, `sobat_id`, `id_kegiatan_wilayah`, `target`, `status_approval`, `tanggal_approval`, `feedback_admin`, `created_at`, `updated_at`) VALUES
(5, 1003, 1, 150, 0, NULL, NULL, '2025-11-07 15:19:19', '2025-11-07 15:19:19'),
(6, 1234567812, 5, 1000, 0, NULL, NULL, '2025-11-25 09:36:45', '2025-11-25 09:36:45'),
(7, 1003, 52, 1200, 0, NULL, NULL, '2025-12-04 09:50:11', '2025-12-04 09:50:11'),
(8, 1003, 64, 150, 0, NULL, NULL, '2025-12-04 10:44:29', '2025-12-04 10:44:29');

-- --------------------------------------------------------

--
-- Table structure for table `sipantau_achievement`
--

CREATE TABLE `sipantau_achievement` (
  `id_achievement` int UNSIGNED NOT NULL,
  `nama_achievement` varchar(100) DEFAULT NULL,
  `deskripsi` varchar(255) DEFAULT NULL,
  `kategori` varchar(50) DEFAULT NULL,
  `streak_diperlukan` int NOT NULL,
  `created_at` timestamp NOT NULL DEFAULT CURRENT_TIMESTAMP
) ENGINE=InnoDB DEFAULT CHARSET=utf8mb4 COLLATE=utf8mb4_0900_ai_ci;

--
-- Dumping data for table `sipantau_achievement`
--

INSERT INTO `sipantau_achievement` (`id_achievement`, `nama_achievement`, `deskripsi`, `kategori`, `streak_diperlukan`, `created_at`) VALUES
(1, 'PATUH LAPOR I', 'Menjaga konsistensi dalam melaporkan aktivitas selama 3 hari berturut-turut.', 'Kepatuhan', 3, '2025-12-02 01:30:43'),
(2, 'PATUH LAPOR II', 'Menunjukkan tingkat kepatuhan yang baik dengan laporan selama 5 hari berturut-turut.', 'Kepatuhan', 5, '2025-12-02 01:30:43'),
(3, 'PATUH LAPOR III', 'Berhasil menjaga kepatuhan penuh selama 7 hari tanpa jeda.', 'Kepatuhan', 7, '2025-12-02 01:30:43'),
(4, 'PATUH LAPOR ELITE', 'Kepatuhan tingkat tinggi dengan laporan konsisten selama 14 hari.', 'Kepatuhan', 14, '2025-12-02 01:30:43'),
(5, 'MASTER PATUH LAPOR', 'Mencapai tingkat kepatuhan tertinggi dengan laporan penuh selama 30 hari.', 'Kepatuhan', 30, '2025-12-02 01:30:43'),
(6, 'PERFORMA OK I', 'Menuntaskan target harian selama 3 hari berturut-turut.', 'Performa', 3, '2025-12-02 01:31:02'),
(7, 'PERFORMA OK II', 'Menunjukkan performa kerja yang kuat dengan memenuhi target selama 5 hari.', 'Performa', 5, '2025-12-02 01:31:02'),
(8, 'PERFORMA UNGGUL', 'Performa unggul sepanjang 7 hari tanpa gagal mencapai target.', 'Performa', 7, '2025-12-02 01:31:02'),
(9, 'PERFORMA ELITE', 'Dedikasi tinggi dengan pencapaian target selama 14 hari berturut-turut.', 'Performa', 14, '2025-12-02 01:31:02'),
(10, 'MASTER PERFORMA', 'Pekerja dengan performa terbaik selama 30 hari penuh.', 'Performa', 30, '2025-12-02 01:31:02'),
(11, 'SPEED WORKER I', 'Bekerja jauh di atas target harian selama 3 hari berturut-turut.', 'speed', 3, '2025-12-02 01:31:38'),
(12, 'SPEED WORKER II', 'Kecepatan kerja tinggi selama 7 hari, melampaui target realisasi harian.', 'speed', 7, '2025-12-02 01:31:38'),
(13, 'SPEED MASTER', 'Master produktivitas dengan realisasi minimal dua kali target selama 30 hari.', 'speed', 30, '2025-12-02 01:31:38'),
(14, 'AKTIVITAS HARIAN I', 'Menjaga ritme kerja setiap hari selama 7 hari berturut-turut.', 'aktivitas', 7, '2025-12-02 01:31:53'),
(15, 'AKTIVITAS HARIAN II', 'Aktif bekerja dan menjalankan aktivitas lapangan selama 14 hari tanpa jeda.', 'aktivitas', 14, '2025-12-02 01:31:53'),
(16, 'MASTER AKTIVITAS', 'Konsistensi luar biasa dengan aktivitas harian selama 30 hari tanpa gagal.', 'aktivitas', 30, '2025-12-02 01:31:53'),
(17, 'FIRST STEP', 'Memulai langkah pertama dengan aktivitas lapangan perdana.', 'onboarding', 1, '2025-12-02 01:32:16'),
(18, 'FIRST PROGRESS', 'Berhasil mengirim laporan progress pertama dalam sistem.', 'onboarding', 1, '2025-12-02 01:32:16');

-- --------------------------------------------------------

--
-- Table structure for table `sipantau_feedback_app`
--

CREATE TABLE `sipantau_feedback_app` (
  `id_feedback` int UNSIGNED NOT NULL,
  `sobat_id` int UNSIGNED NOT NULL,
  `feedback` varchar(255) COLLATE utf8mb4_general_ci NOT NULL,
  `created_at` datetime DEFAULT NULL,
  `updated_at` datetime DEFAULT NULL
) ENGINE=InnoDB DEFAULT CHARSET=utf8mb4 COLLATE=utf8mb4_general_ci;

--
-- Dumping data for table `sipantau_feedback_app`
--

INSERT INTO `sipantau_feedback_app` (`id_feedback`, `sobat_id`, `feedback`, `created_at`, `updated_at`) VALUES
(1, 12345678, 'hehehehehe', '2025-11-21 09:21:56', '2025-11-24 08:17:18');

-- --------------------------------------------------------

--
-- Table structure for table `sipantau_feedback_user`
--

CREATE TABLE `sipantau_feedback_user` (
  `id_feedback` int UNSIGNED NOT NULL,
  `sobat_id` int UNSIGNED NOT NULL,
  `feedback` varchar(255) COLLATE utf8mb4_general_ci DEFAULT NULL,
  `rating` int DEFAULT NULL,
  `created_at` datetime DEFAULT NULL,
  `updated_at` datetime DEFAULT NULL
) ENGINE=InnoDB DEFAULT CHARSET=utf8mb4 COLLATE=utf8mb4_general_ci;

--
-- Dumping data for table `sipantau_feedback_user`
--

INSERT INTO `sipantau_feedback_user` (`id_feedback`, `sobat_id`, `feedback`, `rating`, `created_at`, `updated_at`) VALUES
(1, 12345678, '\"mantap bjir\"', 5, '2025-11-21 09:44:22', '2025-11-21 09:44:22'),
(2, 12345678, '\"aswewew\"', 4, '2025-11-21 09:45:27', '2025-11-21 09:45:27'),
(3, 12345678, '\"ewewe323\"', 2, '2025-10-21 09:46:25', '2025-11-21 09:46:25'),
(4, 12345678, '\"fdfdfd\"', 5, '2025-09-21 09:59:24', '2025-11-21 09:59:24'),
(5, 12345678, '\"sudah mantap\"', 5, '2025-12-04 10:51:23', '2025-12-04 10:51:23'),
(6, 12345678, '\"aplikasi error\"', 1, '2025-12-04 10:51:30', '2025-12-04 10:51:30');

-- --------------------------------------------------------

--
-- Table structure for table `sipantau_role`
--

CREATE TABLE `sipantau_role` (
  `id_roleuser` int UNSIGNED NOT NULL,
  `roleuser` varchar(50) COLLATE utf8mb4_general_ci NOT NULL,
  `keterangan` text COLLATE utf8mb4_general_ci
) ENGINE=InnoDB DEFAULT CHARSET=utf8mb4 COLLATE=utf8mb4_general_ci;

--
-- Dumping data for table `sipantau_role`
--

INSERT INTO `sipantau_role` (`id_roleuser`, `roleuser`, `keterangan`) VALUES
(1, 'Super Admin', 'Memiliki semua akses'),
(2, 'Pemantau Provinsi', 'Melihat data provinsi'),
(3, 'Pemantau Kabupaten', 'Melihat data kabupaten'),
(4, 'Petugas', 'Petugas');

-- --------------------------------------------------------

--
-- Table structure for table `sipantau_transaksi`
--

CREATE TABLE `sipantau_transaksi` (
  `id_sipantau_transaksi` int UNSIGNED NOT NULL,
  `id_pcl` int UNSIGNED NOT NULL,
  `id_kegiatan_detail_proses` int UNSIGNED NOT NULL,
  `resume` text COLLATE utf8mb4_general_ci,
  `latitude` text COLLATE utf8mb4_general_ci NOT NULL,
  `longitude` text COLLATE utf8mb4_general_ci NOT NULL,
  `id_kecamatan` int UNSIGNED NOT NULL,
  `id_desa` int UNSIGNED NOT NULL,
  `imagepath` text COLLATE utf8mb4_general_ci NOT NULL,
  `created_at` datetime DEFAULT NULL,
  `updated_at` datetime DEFAULT NULL
) ENGINE=InnoDB DEFAULT CHARSET=utf8mb4 COLLATE=utf8mb4_general_ci;

--
-- Dumping data for table `sipantau_transaksi`
--

INSERT INTO `sipantau_transaksi` (`id_sipantau_transaksi`, `id_pcl`, `id_kegiatan_detail_proses`, `resume`, `latitude`, `longitude`, `id_kecamatan`, `id_desa`, `imagepath`, `created_at`, `updated_at`) VALUES
(2, 9, 3, 'hahaha', '37.4219983', '-122.084', 1473010, 1473010001, 'uploads/laporan/1764816298_d28bf5471e95b118439a.jpg', '2025-12-04 09:44:58', NULL),
(3, 12, 8, '-', '37.4219983', '-122.084', 1473021, 1473021003, 'uploads/laporan/1764820007_6f28c3f650d4427292d1.jpg', '2025-12-04 10:46:47', NULL),
(4, 12, 8, '-sas', '37.4219983', '-122.084', 1473010, 1473010001, 'uploads/laporan/1764820091_fef240e937b4d2d8aba9.jpg', '2025-12-04 10:48:11', NULL);

--
-- Triggers `sipantau_transaksi`
--
DELIMITER $$
CREATE TRIGGER `trg_after_transaksi_insert` AFTER INSERT ON `sipantau_transaksi` FOR EACH ROW BEGIN
            -- Insert atau update kepatuhan_summary
            INSERT INTO kepatuhan_summary (
                id_pcl,
                id_kegiatan_detail_proses,
                tanggal,
                jumlah_laporan,
                created_at,
                updated_at
            )
            VALUES (
                NEW.id_pcl,
                NEW.id_kegiatan_detail_proses,
                DATE(NEW.created_at),
                1,
                NOW(),
                NOW()
            )
            ON DUPLICATE KEY UPDATE
                jumlah_laporan = jumlah_laporan + 1,
                updated_at = NOW();
        END
$$
DELIMITER ;

-- --------------------------------------------------------

--
-- Table structure for table `sipantau_user`
--

CREATE TABLE `sipantau_user` (
  `sobat_id` int UNSIGNED NOT NULL,
  `password` varchar(255) COLLATE utf8mb4_general_ci NOT NULL,
  `nama_user` varchar(100) COLLATE utf8mb4_general_ci NOT NULL,
  `id_kabupaten` int UNSIGNED DEFAULT NULL,
  `email` varchar(150) COLLATE utf8mb4_general_ci NOT NULL,
  `hp` varchar(20) COLLATE utf8mb4_general_ci DEFAULT NULL,
  `role` json DEFAULT NULL,
  `is_pegawai` tinyint(1) NOT NULL,
  `is_active` tinyint(1) NOT NULL DEFAULT '1',
  `created_at` datetime DEFAULT NULL,
  `updated_at` datetime DEFAULT NULL
) ENGINE=InnoDB DEFAULT CHARSET=utf8mb4 COLLATE=utf8mb4_general_ci;

--
-- Dumping data for table `sipantau_user`
--

INSERT INTO `sipantau_user` (`sobat_id`, `password`, `nama_user`, `id_kabupaten`, `email`, `hp`, `role`, `is_pegawai`, `is_active`, `created_at`, `updated_at`) VALUES
(1001, '$2y$10$r8X9MFBt5arRBpF.pTHUP.nE1fmgp6JndiMA8I2kxFFzphs683qBu', 'Super Admin', 1473, 'superadmin@sipantau.com', '081234567890', '[1, 2, 3]', 0, 1, '2025-10-27 04:36:16', '2025-10-29 08:07:39'),
(1002, '$2y$10$r8X9MFBt5arRBpF.pTHUP.nE1fmgp6JndiMA8I2kxFFzphs683qBu', 'Admin Provinsi', 1473, 'adminprov@sipantau.com', '081234567891', '[2]', 1, 1, '2025-10-27 04:36:16', '2025-11-10 14:41:35'),
(1003, '$2y$10$r8X9MFBt5arRBpF.pTHUP.nE1fmgp6JndiMA8I2kxFFzphs683qBu', 'Admin Kabupaten', 1473, 'adminkab@sipantau.com', '081234567892', '[3, 4]', 1, 1, '2025-10-27 04:36:16', '2025-12-01 13:03:59'),
(1004, '$2y$10$r8X9MFBt5arRBpF.pTHUP.nE1fmgp6JndiMA8I2kxFFzphs683qBu', 'Pemantau Lapangan', 1403, 'pemantau@sipantau.com', '081234567893', '[2]', 1, 1, '2025-10-27 04:36:16', '2025-12-01 13:03:39'),
(12345678, '$2y$10$Lg4m5Ix6XCIpEb8VMGQhneUUFhtEsv4AhjT0BuPoVSQiQpOJqeQ3q', 'Yudha', 1473, 'yudha@gmail.com', '081212324344', '[1, 3]', 0, 1, '2025-10-28 09:16:01', '2025-11-12 08:06:02'),
(1234567812, '$2y$10$9mycPv8AgnjYz9IGaFPuveufJlV3p4XVFodkfiNJOkR.5a6tsbn9S', 'Syahroni', 1473, 'syahroni@bps.go.id', '08233453232', '[2]', 1, 1, '2025-11-10 14:04:56', '2025-11-10 14:04:56');

-- --------------------------------------------------------

--
-- Table structure for table `sipantau_user_achievement`
--

CREATE TABLE `sipantau_user_achievement` (
  `id_user_achievement` int UNSIGNED NOT NULL,
  `sobat_id` int UNSIGNED NOT NULL,
  `id_achievement` int UNSIGNED NOT NULL,
  `created_at` datetime DEFAULT NULL
) ENGINE=InnoDB DEFAULT CHARSET=utf8mb4 COLLATE=utf8mb4_general_ci;

--
-- Dumping data for table `sipantau_user_achievement`
--

INSERT INTO `sipantau_user_achievement` (`id_user_achievement`, `sobat_id`, `id_achievement`, `created_at`) VALUES
(1, 12345678, 6, '2025-12-04 09:05:08'),
(2, 12345678, 11, '2025-12-04 09:05:08'),
(3, 12345678, 17, '2025-12-04 09:05:08'),
(4, 12345678, 18, '2025-12-04 10:50:27');

--
-- Indexes for dumped tables
--

--
-- Indexes for table `admin_survei_kabupaten`
--
ALTER TABLE `admin_survei_kabupaten`
  ADD PRIMARY KEY (`id_admin_kabupaten`),
  ADD KEY `admin_survei_kabupaten_sobat_id_foreign` (`sobat_id`);

--
-- Indexes for table `admin_survei_provinsi`
--
ALTER TABLE `admin_survei_provinsi`
  ADD PRIMARY KEY (`id_admin_provinsi`),
  ADD KEY `admin_survei_provinsi_sobat_id_foreign` (`sobat_id`);

--
-- Indexes for table `kegiatan_wilayah`
--
ALTER TABLE `kegiatan_wilayah`
  ADD PRIMARY KEY (`id_kegiatan_wilayah`),
  ADD KEY `kegiatan_wilayah_id_kegiatan_detail_proses_foreign` (`id_kegiatan_detail_proses`),
  ADD KEY `kegiatan_wilayah_id_kabupaten_foreign` (`id_kabupaten`);

--
-- Indexes for table `kegiatan_wilayah_admin`
--
ALTER TABLE `kegiatan_wilayah_admin`
  ADD PRIMARY KEY (`id`),
  ADD KEY `kegiatan_wilayah_admin_id_kegiatan_wilayah_foreign` (`id_kegiatan_wilayah`),
  ADD KEY `kegiatan_wilayah_admin_id_admin_kabupaten_foreign` (`id_admin_kabupaten`);

--
-- Indexes for table `kepatuhan_summary`
--
ALTER TABLE `kepatuhan_summary`
  ADD PRIMARY KEY (`id`),
  ADD UNIQUE KEY `unique_pcl_kegiatan_date` (`id_pcl`,`id_kegiatan_detail_proses`,`tanggal`),
  ADD KEY `idx_kegiatan_date` (`id_kegiatan_detail_proses`,`tanggal`),
  ADD KEY `idx_pcl_date` (`id_pcl`,`tanggal`),
  ADD KEY `idx_pcl` (`id_pcl`),
  ADD KEY `idx_tanggal` (`tanggal`);

--
-- Indexes for table `kurva_kabupaten`
--
ALTER TABLE `kurva_kabupaten`
  ADD PRIMARY KEY (`id_kurva_kabupaten`),
  ADD KEY `kurva_kabupaten_id_kegiatan_wilayah_foreign` (`id_kegiatan_wilayah`);

--
-- Indexes for table `kurva_petugas`
--
ALTER TABLE `kurva_petugas`
  ADD PRIMARY KEY (`id_kurva_petugas`),
  ADD KEY `kurva_petugas_id_pcl_foreign` (`id_pcl`);

--
-- Indexes for table `kurva_provinsi`
--
ALTER TABLE `kurva_provinsi`
  ADD PRIMARY KEY (`id_kurva_provinsi`),
  ADD KEY `kurva_provinsi_id_kegiatan_detail_proses_foreign` (`id_kegiatan_detail_proses`);

--
-- Indexes for table `master_desa`
--
ALTER TABLE `master_desa`
  ADD PRIMARY KEY (`id_desa`),
  ADD KEY `master_desa_id_kecamatan_foreign` (`id_kecamatan`);

--
-- Indexes for table `master_kabupaten`
--
ALTER TABLE `master_kabupaten`
  ADD PRIMARY KEY (`id_kabupaten`);

--
-- Indexes for table `master_kecamatan`
--
ALTER TABLE `master_kecamatan`
  ADD PRIMARY KEY (`id_kecamatan`),
  ADD KEY `master_kecamatan_id_kabupaten_foreign` (`id_kabupaten`);

--
-- Indexes for table `master_kegiatan`
--
ALTER TABLE `master_kegiatan`
  ADD PRIMARY KEY (`id_kegiatan`),
  ADD KEY `master_kegiatan_id_output_foreign` (`id_output`);

--
-- Indexes for table `master_kegiatan_detail`
--
ALTER TABLE `master_kegiatan_detail`
  ADD PRIMARY KEY (`id_kegiatan_detail`),
  ADD KEY `master_kegiatan_detail_id_kegiatan_foreign` (`id_kegiatan`);

--
-- Indexes for table `master_kegiatan_detail_admin`
--
ALTER TABLE `master_kegiatan_detail_admin`
  ADD PRIMARY KEY (`id`),
  ADD KEY `master_kegiatan_detail_admin_id_kegiatan_detail_foreign` (`id_kegiatan_detail`),
  ADD KEY `master_kegiatan_detail_admin_id_admin_provinsi_foreign` (`id_admin_provinsi`);

--
-- Indexes for table `master_kegiatan_detail_proses`
--
ALTER TABLE `master_kegiatan_detail_proses`
  ADD PRIMARY KEY (`id_kegiatan_detail_proses`),
  ADD KEY `master_kegiatan_detail_proses_id_kegiatan_detail_foreign` (`id_kegiatan_detail`);

--
-- Indexes for table `master_output`
--
ALTER TABLE `master_output`
  ADD PRIMARY KEY (`id_output`);

--
-- Indexes for table `migrations`
--
ALTER TABLE `migrations`
  ADD PRIMARY KEY (`id`);

--
-- Indexes for table `pantau_progress`
--
ALTER TABLE `pantau_progress`
  ADD PRIMARY KEY (`id_pantau_progess`),
  ADD KEY `idx_pantau_progress_pcl` (`id_pcl`),
  ADD KEY `idx_pantau_progress_created` (`created_at`),
  ADD KEY `idx_pantau_progress_pcl_created` (`id_pcl`,`created_at`);

--
-- Indexes for table `pcl`
--
ALTER TABLE `pcl`
  ADD PRIMARY KEY (`id_pcl`),
  ADD KEY `pcl_sobat_id_foreign` (`sobat_id`),
  ADD KEY `idx_pcl_pml` (`id_pml`);

--
-- Indexes for table `pml`
--
ALTER TABLE `pml`
  ADD PRIMARY KEY (`id_pml`),
  ADD KEY `pml_sobat_id_foreign` (`sobat_id`),
  ADD KEY `idx_pml_kegiatan_wilayah` (`id_kegiatan_wilayah`);

--
-- Indexes for table `sipantau_achievement`
--
ALTER TABLE `sipantau_achievement`
  ADD PRIMARY KEY (`id_achievement`);

--
-- Indexes for table `sipantau_feedback_app`
--
ALTER TABLE `sipantau_feedback_app`
  ADD PRIMARY KEY (`id_feedback`),
  ADD KEY `sipantau_feedback_app_sobat_id_foreign` (`sobat_id`);

--
-- Indexes for table `sipantau_feedback_user`
--
ALTER TABLE `sipantau_feedback_user`
  ADD PRIMARY KEY (`id_feedback`),
  ADD KEY `sipantau_feedback_sobat_id_foreign` (`sobat_id`);

--
-- Indexes for table `sipantau_role`
--
ALTER TABLE `sipantau_role`
  ADD PRIMARY KEY (`id_roleuser`);

--
-- Indexes for table `sipantau_transaksi`
--
ALTER TABLE `sipantau_transaksi`
  ADD PRIMARY KEY (`id_sipantau_transaksi`),
  ADD KEY `idx_sipantau_transaksi_pcl` (`id_pcl`),
  ADD KEY `idx_sipantau_transaksi_created` (`created_at`),
  ADD KEY `idx_sipantau_transaksi_pcl_created` (`id_pcl`,`created_at`),
  ADD KEY `idx_sipantau_transaksi_kecamatan` (`id_kecamatan`),
  ADD KEY `idx_sipantau_transaksi_desa` (`id_desa`),
  ADD KEY `idx_sipantau_transaksi_kegiatan_proses` (`id_kegiatan_detail_proses`,`created_at`),
  ADD KEY `idx_sipantau_transaksi_composite` (`id_pcl`,`id_kegiatan_detail_proses`,`created_at`),
  ADD KEY `idx_sipantau_transaksi_date_generated` (`created_at`),
  ADD KEY `idx_sipantau_transaksi_pcl_date_generated` (`id_pcl`,`created_at`);

--
-- Indexes for table `sipantau_user`
--
ALTER TABLE `sipantau_user`
  ADD PRIMARY KEY (`sobat_id`),
  ADD UNIQUE KEY `email` (`email`),
  ADD KEY `sipantau_user_id_kabupaten_foreign` (`id_kabupaten`);

--
-- Indexes for table `sipantau_user_achievement`
--
ALTER TABLE `sipantau_user_achievement`
  ADD PRIMARY KEY (`id_user_achievement`),
  ADD KEY `sobat_id` (`sobat_id`),
  ADD KEY `id_achievement` (`id_achievement`);

--
-- AUTO_INCREMENT for dumped tables
--

--
-- AUTO_INCREMENT for table `admin_survei_kabupaten`
--
ALTER TABLE `admin_survei_kabupaten`
  MODIFY `id_admin_kabupaten` int UNSIGNED NOT NULL AUTO_INCREMENT, AUTO_INCREMENT=7;

--
-- AUTO_INCREMENT for table `admin_survei_provinsi`
--
ALTER TABLE `admin_survei_provinsi`
  MODIFY `id_admin_provinsi` int UNSIGNED NOT NULL AUTO_INCREMENT, AUTO_INCREMENT=9;

--
-- AUTO_INCREMENT for table `kegiatan_wilayah`
--
ALTER TABLE `kegiatan_wilayah`
  MODIFY `id_kegiatan_wilayah` int UNSIGNED NOT NULL AUTO_INCREMENT, AUTO_INCREMENT=65;

--
-- AUTO_INCREMENT for table `kegiatan_wilayah_admin`
--
ALTER TABLE `kegiatan_wilayah_admin`
  MODIFY `id` int NOT NULL AUTO_INCREMENT, AUTO_INCREMENT=21;

--
-- AUTO_INCREMENT for table `kepatuhan_summary`
--
ALTER TABLE `kepatuhan_summary`
  MODIFY `id` int UNSIGNED NOT NULL AUTO_INCREMENT, AUTO_INCREMENT=5;

--
-- AUTO_INCREMENT for table `kurva_kabupaten`
--
ALTER TABLE `kurva_kabupaten`
  MODIFY `id_kurva_kabupaten` int UNSIGNED NOT NULL AUTO_INCREMENT, AUTO_INCREMENT=2117;

--
-- AUTO_INCREMENT for table `kurva_petugas`
--
ALTER TABLE `kurva_petugas`
  MODIFY `id_kurva_petugas` int UNSIGNED NOT NULL AUTO_INCREMENT, AUTO_INCREMENT=413;

--
-- AUTO_INCREMENT for table `kurva_provinsi`
--
ALTER TABLE `kurva_provinsi`
  MODIFY `id_kurva_provinsi` int UNSIGNED NOT NULL AUTO_INCREMENT, AUTO_INCREMENT=352;

--
-- AUTO_INCREMENT for table `master_desa`
--
ALTER TABLE `master_desa`
  MODIFY `id_desa` int UNSIGNED NOT NULL AUTO_INCREMENT, AUTO_INCREMENT=1473031006;

--
-- AUTO_INCREMENT for table `master_kabupaten`
--
ALTER TABLE `master_kabupaten`
  MODIFY `id_kabupaten` int UNSIGNED NOT NULL AUTO_INCREMENT, AUTO_INCREMENT=1474;

--
-- AUTO_INCREMENT for table `master_kecamatan`
--
ALTER TABLE `master_kecamatan`
  MODIFY `id_kecamatan` int UNSIGNED NOT NULL AUTO_INCREMENT, AUTO_INCREMENT=1473032;

--
-- AUTO_INCREMENT for table `master_kegiatan`
--
ALTER TABLE `master_kegiatan`
  MODIFY `id_kegiatan` int UNSIGNED NOT NULL AUTO_INCREMENT, AUTO_INCREMENT=5;

--
-- AUTO_INCREMENT for table `master_kegiatan_detail`
--
ALTER TABLE `master_kegiatan_detail`
  MODIFY `id_kegiatan_detail` int UNSIGNED NOT NULL AUTO_INCREMENT, AUTO_INCREMENT=6;

--
-- AUTO_INCREMENT for table `master_kegiatan_detail_admin`
--
ALTER TABLE `master_kegiatan_detail_admin`
  MODIFY `id` int NOT NULL AUTO_INCREMENT, AUTO_INCREMENT=15;

--
-- AUTO_INCREMENT for table `master_kegiatan_detail_proses`
--
ALTER TABLE `master_kegiatan_detail_proses`
  MODIFY `id_kegiatan_detail_proses` int UNSIGNED NOT NULL AUTO_INCREMENT, AUTO_INCREMENT=9;

--
-- AUTO_INCREMENT for table `master_output`
--
ALTER TABLE `master_output`
  MODIFY `id_output` int UNSIGNED NOT NULL AUTO_INCREMENT, AUTO_INCREMENT=4;

--
-- AUTO_INCREMENT for table `migrations`
--
ALTER TABLE `migrations`
  MODIFY `id` bigint UNSIGNED NOT NULL AUTO_INCREMENT, AUTO_INCREMENT=30;

--
-- AUTO_INCREMENT for table `pantau_progress`
--
ALTER TABLE `pantau_progress`
  MODIFY `id_pantau_progess` int UNSIGNED NOT NULL AUTO_INCREMENT, AUTO_INCREMENT=4;

--
-- AUTO_INCREMENT for table `pcl`
--
ALTER TABLE `pcl`
  MODIFY `id_pcl` int UNSIGNED NOT NULL AUTO_INCREMENT, AUTO_INCREMENT=14;

--
-- AUTO_INCREMENT for table `pml`
--
ALTER TABLE `pml`
  MODIFY `id_pml` int UNSIGNED NOT NULL AUTO_INCREMENT, AUTO_INCREMENT=9;

--
-- AUTO_INCREMENT for table `sipantau_achievement`
--
ALTER TABLE `sipantau_achievement`
  MODIFY `id_achievement` int UNSIGNED NOT NULL AUTO_INCREMENT, AUTO_INCREMENT=19;

--
-- AUTO_INCREMENT for table `sipantau_feedback_app`
--
ALTER TABLE `sipantau_feedback_app`
  MODIFY `id_feedback` int UNSIGNED NOT NULL AUTO_INCREMENT, AUTO_INCREMENT=2;

--
-- AUTO_INCREMENT for table `sipantau_feedback_user`
--
ALTER TABLE `sipantau_feedback_user`
  MODIFY `id_feedback` int UNSIGNED NOT NULL AUTO_INCREMENT, AUTO_INCREMENT=7;

--
-- AUTO_INCREMENT for table `sipantau_role`
--
ALTER TABLE `sipantau_role`
  MODIFY `id_roleuser` int UNSIGNED NOT NULL AUTO_INCREMENT, AUTO_INCREMENT=10;

--
-- AUTO_INCREMENT for table `sipantau_transaksi`
--
ALTER TABLE `sipantau_transaksi`
  MODIFY `id_sipantau_transaksi` int UNSIGNED NOT NULL AUTO_INCREMENT, AUTO_INCREMENT=5;

--
-- AUTO_INCREMENT for table `sipantau_user_achievement`
--
ALTER TABLE `sipantau_user_achievement`
  MODIFY `id_user_achievement` int UNSIGNED NOT NULL AUTO_INCREMENT, AUTO_INCREMENT=5;

--
-- Constraints for dumped tables
--

--
-- Constraints for table `admin_survei_kabupaten`
--
ALTER TABLE `admin_survei_kabupaten`
  ADD CONSTRAINT `admin_survei_kabupaten_sobat_id_foreign` FOREIGN KEY (`sobat_id`) REFERENCES `sipantau_user` (`sobat_id`) ON DELETE CASCADE ON UPDATE CASCADE;

--
-- Constraints for table `admin_survei_provinsi`
--
ALTER TABLE `admin_survei_provinsi`
  ADD CONSTRAINT `admin_survei_provinsi_sobat_id_foreign` FOREIGN KEY (`sobat_id`) REFERENCES `sipantau_user` (`sobat_id`) ON DELETE CASCADE ON UPDATE CASCADE;

--
-- Constraints for table `kegiatan_wilayah`
--
ALTER TABLE `kegiatan_wilayah`
  ADD CONSTRAINT `kegiatan_wilayah_id_kabupaten_foreign` FOREIGN KEY (`id_kabupaten`) REFERENCES `master_kabupaten` (`id_kabupaten`) ON DELETE CASCADE ON UPDATE CASCADE,
  ADD CONSTRAINT `kegiatan_wilayah_id_kegiatan_detail_proses_foreign` FOREIGN KEY (`id_kegiatan_detail_proses`) REFERENCES `master_kegiatan_detail_proses` (`id_kegiatan_detail_proses`) ON DELETE CASCADE ON UPDATE CASCADE;

--
-- Constraints for table `kegiatan_wilayah_admin`
--
ALTER TABLE `kegiatan_wilayah_admin`
  ADD CONSTRAINT `kegiatan_wilayah_admin_id_admin_kabupaten_foreign` FOREIGN KEY (`id_admin_kabupaten`) REFERENCES `admin_survei_kabupaten` (`id_admin_kabupaten`) ON DELETE CASCADE ON UPDATE CASCADE,
  ADD CONSTRAINT `kegiatan_wilayah_admin_id_kegiatan_wilayah_foreign` FOREIGN KEY (`id_kegiatan_wilayah`) REFERENCES `kegiatan_wilayah` (`id_kegiatan_wilayah`) ON DELETE CASCADE ON UPDATE CASCADE;

--
-- Constraints for table `kurva_kabupaten`
--
ALTER TABLE `kurva_kabupaten`
  ADD CONSTRAINT `kurva_kabupaten_id_kegiatan_wilayah_foreign` FOREIGN KEY (`id_kegiatan_wilayah`) REFERENCES `kegiatan_wilayah` (`id_kegiatan_wilayah`) ON DELETE CASCADE ON UPDATE CASCADE;

--
-- Constraints for table `kurva_petugas`
--
ALTER TABLE `kurva_petugas`
  ADD CONSTRAINT `kurva_petugas_id_pcl_foreign` FOREIGN KEY (`id_pcl`) REFERENCES `pcl` (`id_pcl`) ON DELETE CASCADE ON UPDATE CASCADE;

--
-- Constraints for table `kurva_provinsi`
--
ALTER TABLE `kurva_provinsi`
  ADD CONSTRAINT `kurva_provinsi_id_kegiatan_detail_proses_foreign` FOREIGN KEY (`id_kegiatan_detail_proses`) REFERENCES `master_kegiatan_detail_proses` (`id_kegiatan_detail_proses`) ON DELETE CASCADE ON UPDATE CASCADE;

--
-- Constraints for table `master_desa`
--
ALTER TABLE `master_desa`
  ADD CONSTRAINT `master_desa_id_kecamatan_foreign` FOREIGN KEY (`id_kecamatan`) REFERENCES `master_kecamatan` (`id_kecamatan`) ON DELETE CASCADE ON UPDATE CASCADE;

--
-- Constraints for table `master_kecamatan`
--
ALTER TABLE `master_kecamatan`
  ADD CONSTRAINT `master_kecamatan_id_kabupaten_foreign` FOREIGN KEY (`id_kabupaten`) REFERENCES `master_kabupaten` (`id_kabupaten`) ON DELETE CASCADE ON UPDATE CASCADE;

--
-- Constraints for table `master_kegiatan`
--
ALTER TABLE `master_kegiatan`
  ADD CONSTRAINT `master_kegiatan_id_output_foreign` FOREIGN KEY (`id_output`) REFERENCES `master_output` (`id_output`) ON DELETE CASCADE ON UPDATE CASCADE;

--
-- Constraints for table `master_kegiatan_detail`
--
ALTER TABLE `master_kegiatan_detail`
  ADD CONSTRAINT `master_kegiatan_detail_id_kegiatan_foreign` FOREIGN KEY (`id_kegiatan`) REFERENCES `master_kegiatan` (`id_kegiatan`) ON DELETE CASCADE ON UPDATE CASCADE;

--
-- Constraints for table `master_kegiatan_detail_admin`
--
ALTER TABLE `master_kegiatan_detail_admin`
  ADD CONSTRAINT `master_kegiatan_detail_admin_id_admin_provinsi_foreign` FOREIGN KEY (`id_admin_provinsi`) REFERENCES `admin_survei_provinsi` (`id_admin_provinsi`) ON DELETE CASCADE ON UPDATE CASCADE,
  ADD CONSTRAINT `master_kegiatan_detail_admin_id_kegiatan_detail_foreign` FOREIGN KEY (`id_kegiatan_detail`) REFERENCES `master_kegiatan_detail` (`id_kegiatan_detail`) ON DELETE CASCADE ON UPDATE CASCADE;

--
-- Constraints for table `master_kegiatan_detail_proses`
--
ALTER TABLE `master_kegiatan_detail_proses`
  ADD CONSTRAINT `master_kegiatan_detail_proses_id_kegiatan_detail_foreign` FOREIGN KEY (`id_kegiatan_detail`) REFERENCES `master_kegiatan_detail` (`id_kegiatan_detail`) ON DELETE CASCADE ON UPDATE CASCADE;

--
-- Constraints for table `pantau_progress`
--
ALTER TABLE `pantau_progress`
  ADD CONSTRAINT `pantau_progress_id_pcl_foreign` FOREIGN KEY (`id_pcl`) REFERENCES `pcl` (`id_pcl`) ON DELETE CASCADE ON UPDATE CASCADE;

--
-- Constraints for table `pcl`
--
ALTER TABLE `pcl`
  ADD CONSTRAINT `pcl_id_pml_foreign` FOREIGN KEY (`id_pml`) REFERENCES `pml` (`id_pml`) ON DELETE CASCADE ON UPDATE CASCADE,
  ADD CONSTRAINT `pcl_sobat_id_foreign` FOREIGN KEY (`sobat_id`) REFERENCES `sipantau_user` (`sobat_id`) ON DELETE CASCADE ON UPDATE CASCADE;

--
-- Constraints for table `pml`
--
ALTER TABLE `pml`
  ADD CONSTRAINT `pml_id_kegiatan_wilayah_foreign` FOREIGN KEY (`id_kegiatan_wilayah`) REFERENCES `kegiatan_wilayah` (`id_kegiatan_wilayah`) ON DELETE CASCADE ON UPDATE CASCADE,
  ADD CONSTRAINT `pml_sobat_id_foreign` FOREIGN KEY (`sobat_id`) REFERENCES `sipantau_user` (`sobat_id`) ON DELETE CASCADE ON UPDATE CASCADE;

--
-- Constraints for table `sipantau_feedback_app`
--
ALTER TABLE `sipantau_feedback_app`
  ADD CONSTRAINT `sipantau_feedback_app_sobat_id_foreign` FOREIGN KEY (`sobat_id`) REFERENCES `sipantau_user` (`sobat_id`) ON DELETE CASCADE ON UPDATE CASCADE;

--
-- Constraints for table `sipantau_feedback_user`
--
ALTER TABLE `sipantau_feedback_user`
  ADD CONSTRAINT `sipantau_feedback_sobat_id_foreign` FOREIGN KEY (`sobat_id`) REFERENCES `sipantau_user` (`sobat_id`) ON DELETE CASCADE ON UPDATE CASCADE;

--
-- Constraints for table `sipantau_transaksi`
--
ALTER TABLE `sipantau_transaksi`
  ADD CONSTRAINT `sipantau_transaksi_id_desa_foreign` FOREIGN KEY (`id_desa`) REFERENCES `master_desa` (`id_desa`) ON DELETE CASCADE ON UPDATE CASCADE,
  ADD CONSTRAINT `sipantau_transaksi_id_kecamatan_foreign` FOREIGN KEY (`id_kecamatan`) REFERENCES `master_kecamatan` (`id_kecamatan`) ON DELETE CASCADE ON UPDATE CASCADE,
  ADD CONSTRAINT `sipantau_transaksi_id_kegiatan_detail_proses_foreign` FOREIGN KEY (`id_kegiatan_detail_proses`) REFERENCES `master_kegiatan_detail_proses` (`id_kegiatan_detail_proses`) ON DELETE CASCADE ON UPDATE CASCADE,
  ADD CONSTRAINT `sipantau_transaksi_id_pcl_foreign` FOREIGN KEY (`id_pcl`) REFERENCES `pcl` (`id_pcl`) ON DELETE CASCADE ON UPDATE CASCADE;

--
-- Constraints for table `sipantau_user`
--
ALTER TABLE `sipantau_user`
  ADD CONSTRAINT `sipantau_user_id_kabupaten_foreign` FOREIGN KEY (`id_kabupaten`) REFERENCES `master_kabupaten` (`id_kabupaten`) ON DELETE CASCADE ON UPDATE CASCADE;
COMMIT;

/*!40101 SET CHARACTER_SET_CLIENT=@OLD_CHARACTER_SET_CLIENT */;
/*!40101 SET CHARACTER_SET_RESULTS=@OLD_CHARACTER_SET_RESULTS */;
/*!40101 SET COLLATION_CONNECTION=@OLD_COLLATION_CONNECTION */;
